O_apt_code,D_apt_code,Commute_rate
0,7,0.047409467
0,15,0.010342381
0,27,0.004683887
0,29,0.00013589
0,5,5.93E-05
0,9,0.002059363
12,10,0.011079382
12,8,0.006526801
12,13,0.008364983
12,24,0.041465641
14,10,0.020694853
14,3,2.03E-05
17,20,0.001539963
17,24,0.044497623
17,26,0.005650571
17,30,0.010459085
11,86,0.005918401
11,82,0.001195402
7,0,0.059626399
7,27,0.0105915
7,29,0.002677514
7,15,0.012831394
10,8,0.002634814
10,3,0.002325214
18,12,0.005823457
18,11,0.011333112
18,24,0.00704911
18,17,0.039236112
10,14,0.016723247
17,19,0.002359501
17,18,0.036081487
11,8,0.000764018
10,12,0.002940831
10,13,0.023634958
10,24,1.67E-05
11,12,0.013295335
4,110,0.004203828
4,112,0.033900241
14,4,0.00441665
19,17,0.002043824
19,28,0.054697683
19,30,0.039935189
19,18,0.007390047
18,87,0.009941424
18,86,0.000157574
12,11,0.01325562
12,18,0.008506378
14,21,0.005310486
8,10,0.028323379
8,12,0.018983252
4,14,0.001757117
4,21,0.026363512
8,11,0.002989764
8,6,0.01721104
20,17,0.000588927
20,24,0.001610195
20,26,0.043262555
20,23,0.043240136
21,4,0.052638504
21,25,0.018462879
21,27,0.0315048
21,112,0.00359312
13,22,0.000400117
13,23,0.009373772
13,5,0.030275204
13,24,0.009721454
11,18,0.019233321
11,87,0.006805826
15,0,0.009810492
15,16,0.01561409
15,7,0.020220853
15,9,0.040672017
16,7,0.022404962
16,111,0.004928955
6,8,0.036313615
6,2,0.006415843
4,25,0.000717149
14,27,0.009890605
18,19,0.009451781
21,111,7.33E-05
19,87,0.00518819
22,13,9.74E-06
22,5,0.002764037
22,23,0.010798943
22,9,0.013345533
12,17,8.82E-06
4,27,2.51E-05
1,110,0.017216274
5,22,0.048812713
5,29,0.031225941
5,9,0.004765819
23,13,0.00084876
23,22,0.046057996
23,5,4.33E-07
23,24,0.001899091
20,30,4.08E-09
7,16,0.0032617
7,111,0.001690949
21,14,0.009955223
11,24,3.38E-06
18,28,0.000233878
24,20,0.001464742
24,17,0.022330579
24,23,0.013494375
24,13,0.005381027
14,29,0.041677527
13,29,0.013205501
24,26,1.94E-05
13,12,0.003767949
13,10,0.031596825
24,12,0.013424775
15,5,0.000949619
19,26,2.92E-07
7,25,6.15E-05
5,15,0.000518481
25,21,0.024880545
25,4,0.004016769
25,27,0.022390114
25,112,0.07312525
25,111,0.036710011
16,15,0.034205841
26,17,0.002296964
26,20,0.039747216
26,24,4.21E-05
26,30,0.020058452
26,19,1.30E-06
5,7,0.0003796
27,14,0.00520718
27,4,6.21E-05
27,21,0.013177001
27,29,0.007283055
27,7,0.010758301
27,25,0.009700337
27,111,0.001698014
5,14,0.000267749
5,27,8.60E-05
28,19,0.026497456
28,18,2.63E-05
28,17,9.97E-09
28,31,0.021906278
28,87,0.004101789
27,0,0.00343768
27,5,0.000216643
27,15,4.29E-07
17,28,2.79E-08
24,18,0.003594864
24,11,6.43E-06
24,10,1.59E-05
6,82,0.011193725
10,29,0.011441491
29,5,0.043122139
29,27,0.009633973
29,14,0.031139241
29,9,0.000164469
29,15,3.92E-05
29,7,0.001985439
4,1,0.002045044
25,7,0.00021109
17,12,4.07E-06
14,13,2.65E-05
28,92,0.031973331
30,17,0.006793345
30,19,0.037986089
30,26,0.031874195
30,18,6.44E-06
5,13,0.014615374
5,23,3.34E-06
13,14,7.67E-05
27,9,2.14E-07
23,20,0.004324993
17,87,7.26E-08
27,112,5.37E-08
9,15,0.010605659
9,5,0.001640043
9,29,0.000246574
9,7,0.001176854
29,0,2.12E-06
5,0,5.73E-07
8,82,0.002611815
18,30,1.69E-05
9,22,0.076552565
29,13,0.008158068
29,10,0.008587609
26,23,2.50E-07
14,5,3.75E-05
15,29,0.000137479
15,27,2.36E-06
5,10,7.02E-07
25,114,0.000100557
30,20,2.88E-08
2,6,0.006669868
14,7,2.23E-05
7,9,0.006987546
9,0,0.000120278
1,4,0.00223446
7,5,0.001647564
1,99,0.001565179
3,14,0.000660357
3,10,0.021051037
31,28,0.097774086
31,87,1.91E-05
31,92,0.10734521
1,112,0.000182082
23,26,2.11E-07
10,5,7.10E-06
7,14,3.04E-05
9,27,9.51E-07
34,40,0.000329895
34,43,0.00775979
35,32,0.003903239
32,35,0.000783929
33,32,0.008670819
40,34,0.000688802
40,43,0.014141146
32,33,0.000926957
43,34,0.005344946
43,40,0.005734511
34,36,0.013269574
33,115,0.002754108
33,94,0.006498763
42,41,0.027714932
36,34,0.002680322
38,39,0.061537579
38,43,0.065761599
39,38,0.008478275
41,42,0.000130284
43,38,0.015680211
45,50,0.070995679
87,86,0.002327598
87,85,3.84E-05
87,88,0.000758598
87,91,0.006697495
87,90,0.001469144
78,84,0.012655495
78,77,0.029308532
86,87,0.040842651
86,83,0.010625972
86,85,0.000227794
87,18,0.001397267
87,11,0.000179565
87,28,0.003131239
87,19,0.000950841
56,84,0.00010451
56,89,0.041106299
83,86,0.010361484
81,80,0.015575379
81,84,0.060771352
86,11,0.006712837
86,18,0.000135233
77,78,0.011564444
64,69,0.018350296
84,77,8.87E-05
89,88,0.004020418
89,85,0.011410393
85,87,0.000621206
85,86,0.000409235
85,88,0.012255036
83,85,0.002400562
81,78,0.002924926
89,56,0.039617785
90,88,0.04580697
90,91,0.028513254
77,85,0.003562488
88,89,0.003436179
88,85,0.002138837
85,89,0.040994021
84,78,0.00259268
84,81,0.015991479
84,56,8.18E-05
85,56,0.012038002
73,83,0.003200851
87,17,5.13E-09
80,81,0.00209078
88,87,0.001322776
88,90,0.052457201
56,85,0.003194006
46,44,0.043186314
80,69,0.001923795
91,90,0.01446487
91,88,0.000387263
91,87,0.007960757
91,92,0.055487598
88,91,0.000384039
90,87,0.002513593
56,77,0.000236195
79,57,0.011985182
76,68,0.010094151
60,70,0.062202602
85,77,0.005454865
78,81,0.004761837
85,90,4.17E-05
69,64,0.000724455
77,56,0.001118583
82,6,0.007560159
57,79,0.001553116
82,11,0.008406651
82,8,0.003513834
87,92,0.037682542
85,83,0.002156631
87,31,6.00E-07
83,73,0.001146638
69,80,0.002172954
44,46,0.054925026
61,62,0.054238307
92,91,0.008512479
92,87,0.006106646
62,61,0.037651301
70,60,0.020051097
66,76,0.029045806
76,66,0.023953663
77,84,0.000337891
68,76,0.007359528
92,28,0.002636312
92,31,0.001214769
48,93,0.056728014
90,85,3.62E-05
93,48,0.052956451
50,45,0.033530755
99,100,0.000122927
99,110,4.67E-05
98,99,0.025809689
101,98,0.004879757
96,101,0.008523579
101,96,0.001880654
100,99,0.003392874
100,110,0.007938773
99,98,0.001085972
94,115,0.004938939
100,112,0.011243068
99,1,8.40E-05
102,99,0.07334933
98,101,0.003319522
100,113,0.026899316
94,33,0.007288765
99,102,0.001178605
102,98,0.001545996
98,102,0.00049329
104,108,0.004097231
106,107,0.055818538
106,108,0.001268236
106,103,0.005363194
105,108,0.030091895
108,104,0.003013083
107,106,0.037339906
107,104,0.000269827
107,108,0.056462592
107,103,0.002537889
108,105,0.000388683
108,107,0.039926138
104,107,2.49E-05
104,103,0.00024721
108,106,0.000116782
103,106,0.026397413
103,107,0.023272728
103,104,0.008077091
111,7,6.49E-05
110,1,0.043634515
110,99,0.001274877
111,25,0.000504816
111,27,0.000129284
110,112,0.038741681
111,16,2.47E-05
110,4,0.003732312
110,100,0.012927138
111,114,0.019698662
112,4,0.005451029
112,110,0.003597018
112,113,0.014168309
112,100,0.000959262
111,112,0.001187056
113,100,0.003562577
113,112,0.018657156
113,110,1.60E-07
110,113,1.93E-06
112,21,0.000771479
112,25,0.006223567
112,114,0.01791435
114,111,0.10654709
114,112,0.017744303
112,111,0.010643609
113,114,0.035796853
112,1,1.72E-05
113,111,0.04161409
114,113,0.030374837
114,25,1.15E-06
111,21,1.11E-05
111,113,0.006658344
112,27,2.71E-07
141,145,0.009105925
145,141,0.00024218
135,141,0.008875145
119,145,0.001858597
143,137,0.033181729
143,140,0.01662707
137,143,0.018011266
137,140,0.0095623
115,33,0.003784034
140,143,0.025111654
140,137,0.015881579
140,126,0.008055322
141,147,0.007030508
147,141,0.002269003
145,127,7.40E-05
141,135,0.001075633
145,119,4.35E-05
138,133,0.01025166
117,121,0.005112829
145,147,0.005541544
115,94,0.005896698
127,145,0.007166184
147,145,0.049238646
143,139,0.004991377
139,143,0.000534118
122,125,0.006692094
130,133,0.006528967
133,138,0.00246105
133,130,0.00259021
125,122,0.01566338
121,117,0.010895642
126,140,0.001830274
392,394,0.033640807
392,395,0.040742884
392,490,0.024133291
393,394,0.015092075
393,392,0.010178606
394,393,0.01896657
394,392,0.061433062
394,395,0.000289943
392,393,0.00926442
392,486,0.003319742
394,486,0.012078312
394,490,0.001325951
395,392,0.064016716
395,490,0.013187993
395,394,0.000449678
393,395,0.000258983
395,393,0.000429823
405,407,0.014871954
405,439,0.007842269
397,478,0.02122269
398,402,0.012043396
398,469,0.001891044
398,477,0.053562317
398,431,0.000468537
398,478,0.000164984
399,404,0.03779904
399,409,0.02727868
399,431,0.005283413
400,481,0.002598273
400,483,0.005240643
400,484,0.003349918
400,468,0.022037196
401,402,0.016968068
401,477,0.008558926
401,478,0.020738385
401,425,0.001667671
401,466,0.006923716
402,398,0.012784421
402,401,0.01381943
402,477,0.008951278
402,478,1.95E-05
402,466,0.018801516
402,469,0.020510859
402,470,6.65E-05
403,412,0.025698606
403,404,0.044827995
404,399,0.018003507
404,409,0.020170728
404,403,0.016770283
404,412,4.60E-05
406,408,0.041141242
406,411,0.011547276
406,491,0.000397406
405,408,0.004828078
407,405,0.038504023
407,408,0.020751746
407,406,0.032416421
408,406,0.04241518
408,410,0.006396722
408,411,0.002786661
408,413,0.000325826
408,405,0.002703815
408,407,0.005938604
408,491,6.60E-06
406,407,0.009079964
406,410,0.000680594
406,413,3.88E-05
409,399,0.056100889
409,404,0.091572911
410,408,0.062080725
410,406,0.004143521
410,411,0.050686951
410,413,0.041411222
411,406,0.026168358
411,408,0.007726983
411,413,0.042508363
411,491,0.04591416
411,410,0.013493625
410,491,0.000186243
412,413,0.018453849
412,411,0.003778338
412,491,0.002558968
413,412,0.026955758
413,411,0.039646824
413,491,0.013762301
412,403,0.025160869
413,408,0.001280454
413,406,9.53E-05
413,410,0.010765737
411,412,0.00636819
412,404,0.000187858
414,418,0.008929692
414,429,0.018852005
414,421,2.10E-05
414,415,0.023146057
415,414,0.0075815
415,429,0.00187647
415,430,0.010529184
414,430,9.28E-05
415,417,0.020391017
415,416,0.007930288
416,415,0.013803079
416,430,0.025171237
416,417,0.019875498
417,416,0.003797226
417,415,0.005998119
418,419,0.033923141
418,421,0.013689774
418,420,0.000524062
418,414,0.015181011
418,429,0.011944206
419,418,0.029538994
419,422,0.011856933
419,420,0.034203058
419,421,0.002666225
420,418,0.000579982
420,419,0.039549394
420,421,0.057995972
421,418,0.000642917
421,419,0.000240766
421,420,0.002554253
421,429,0.001684363
419,423,0.017750715
421,414,1.16E-06
421,427,0.004221555
422,419,0.006801422
422,420,0.010638242
422,423,0.008435458
420,422,0.023891229
421,422,9.23E-06
420,423,1.78E-06
422,421,4.54E-05
423,419,0.04875132
423,422,0.054972251
423,420,5.20E-06
425,426,0.035874273
425,401,0.032590667
425,466,0.007314658
426,466,0.008483539
426,467,0.001068881
426,425,0.000967272
427,421,0.012905334
427,429,0.016724121
427,428,0.035185611
428,427,0.023459627
428,429,0.012063695
429,414,0.003101144
429,421,0.004218069
429,418,0.001110742
429,427,0.012264509
429,430,0.01051723
430,415,0.009252366
430,414,2.21E-05
430,429,0.019480459
429,415,0.00096789
429,428,0.010053629
430,416,0.013503691
431,478,0.009564254
431,398,0.000178865
431,477,0.003149908
431,399,0.009267959
433,434,0.000438088
434,433,0.003634999
432,433,0.015176907
433,432,0.002618985
435,436,0.014168094
436,435,0.024354708
438,439,0.044552641
438,440,0.034241272
438,441,0.000514571
439,438,0.00816704
440,438,0.027775529
440,441,0.037954031
441,438,0.000928057
441,440,0.07078968
439,405,0.019578417
442,446,0.005631626
442,449,0.00046677
443,444,0.005533696
444,443,0.012803589
445,443,0.036769132
446,447,0.00227206
446,449,0.070905007
446,442,0.02412345
443,445,0.027421237
447,446,0.001360367
447,448,0.040348541
447,449,0.048917414
448,447,0.045757718
448,449,0.002418661
448,450,0.036468392
449,446,0.031027182
449,447,0.045304851
449,448,0.001948392
444,450,0.032923331
450,448,0.036716129
450,444,0.039675313
449,442,0.001784783
451,452,0.000483493
451,453,0.006513439
451,458,0.013395101
452,451,0.003235373
452,453,0.001241603
452,458,0.054164142
453,451,0.008802075
453,452,0.000344359
454,455,0.007376343
455,454,0.012189749
455,456,0.03904683
454,456,0.012233974
454,459,0.02364118
456,457,0.007376692
456,451,0.044798613
456,454,0.01012612
456,455,0.025866749
457,456,0.011645304
457,451,0.012443775
457,458,0.033823752
457,454,0.016968027
451,456,0.011097339
451,457,0.002512776
458,457,0.003737659
458,451,0.010176413
453,455,0.00264411
453,456,0.001235471
454,457,0.013667597
457,459,0.020757692
459,454,0.020533835
459,457,0.012559581
455,453,0.013138412
455,451,0.000827838
458,452,0.007293966
452,462,0.005728473
452,465,0.027354595
458,465,0.002582666
456,453,0.003894757
451,455,0.000173289
460,463,0.008065131
461,463,0.004378649
461,462,0.003613529
461,464,0.005605006
462,461,0.013474438
462,463,0.032471018
462,464,0.021649767
462,465,0.021559453
462,452,0.005920247
463,461,0.010388886
463,462,0.019382924
463,464,0.000240396
464,462,0.036828653
464,463,0.000801265
464,461,0.032895682
465,452,0.03912488
465,462,0.030492348
465,464,0.006133706
465,458,0.035269291
464,465,0.007690534
463,460,0.006372081
466,467,0.016818704
466,402,0.007029621
466,469,0.002944342
466,426,0.002870125
466,470,0.014042394
467,466,0.031374331
466,401,0.002383375
466,425,0.000149391
467,426,0.000851822
467,470,0.000393548
467,487,0.022644793
467,486,0.002076439
466,487,0.001612538
468,400,0.00681514
469,470,0.038312365
470,489,0.000205303
470,469,0.009949852
469,402,0.04460005
469,466,0.018937971
469,398,0.005219983
470,466,0.018322709
470,487,0.00759208
470,402,3.52E-05
470,467,0.000171276
470,488,0.000219681
471,474,0.012373293
471,479,0.002486137
472,471,0.066259423
472,473,0.050406097
471,472,0.020043709
471,473,0.000550024
473,471,0.002152949
473,472,0.056797279
474,471,0.012931906
474,479,0.00670632
474,480,0.010659591
474,475,0.044228446
474,485,0.002842937
475,474,0.024638626
475,480,0.000330403
475,485,0.009177737
475,476,0.011261728
474,476,0.015650554
476,475,0.00848111
476,474,0.006604815
477,401,0.005878268
477,402,0.008533951
477,478,0.029993307
478,401,0.0045852
478,477,0.014013474
478,402,6.14E-06
477,398,0.04634495
478,397,0.003841103
478,431,0.013732304
477,431,0.009524462
478,398,9.22E-05
479,471,0.021771939
479,474,0.052388038
479,480,0.030298317
479,481,0.030934204
479,482,0.000686104
480,474,0.050287563
480,479,0.017483239
480,481,0.005953253
481,479,0.019702114
481,480,0.006508082
481,482,0.029045808
480,485,0.047936015
481,400,0.008664982
481,484,0.000798378
482,481,0.027161104
482,479,0.000587546
483,400,0.058124021
483,484,0.087454556
480,475,0.002194768
484,400,0.008204783
484,483,0.017777094
485,474,0.004603324
485,475,0.024962709
485,480,0.018335396
484,485,0.012846845
485,484,0.006139378
484,481,0.000690094
486,394,0.003572034
486,392,0.001911808
486,488,0.008695948
486,490,0.039335792
487,467,0.028576844
487,466,0.0040619
487,470,0.017847096
487,488,0.021292302
487,486,0.024103003
486,487,0.014530754
488,487,0.054064751
488,486,0.041036237
490,392,0.007639466
490,394,0.000332015
490,395,0.003320964
490,486,0.022000456
488,470,0.001517772
488,489,0.006246588
489,470,0.001321779
489,488,0.007054814
486,467,0.002087239
491,406,0.002097456
491,411,0.08473637
491,412,0.010477159
491,413,0.030173047
491,408,3.33E-05
491,410,0.000151064
493,496,0.012280786
493,498,0.023567942
493,511,0.000228103
493,564,0.002271951
493,576,0.004584396
493,563,1.20E-05
494,495,0.031314779
494,498,0.005245623
494,577,0.024805127
495,494,0.027875102
496,493,0.01225534
496,511,9.13E-05
496,564,0.003627625
496,563,0.024383095
495,497,0.022060956
495,538,0.024472477
495,498,0.006512413
497,495,0.030794799
497,583,0.035699674
495,577,1.52E-05
495,537,0.001645399
494,537,0.035827833
494,538,0.000734191
497,538,0.014643429
497,580,0.010665805
498,494,0.003854239
498,495,0.005410285
498,577,0.012883057
498,576,0.011676326
494,576,3.43E-06
495,583,8.45E-05
494,536,4.42E-06
498,493,0.013678301
498,511,7.92E-06
498,564,2.28E-06
495,536,6.51E-05
494,539,0.000193595
495,580,4.92E-05
499,500,0.01014131
499,503,0.094330215
500,499,0.003158293
500,503,0.033538347
500,504,0.013805745
500,502,0.008459263
500,507,0.021467901
500,505,1.89E-05
499,562,5.16E-06
500,562,0.003223814
501,502,0.00053068
501,504,0.007876761
501,554,0.01948176
501,555,0.019367889
501,562,0.002475912
501,505,0.000223975
502,500,0.004271143
502,504,0.025537067
502,501,0.00162593
502,507,0.021517299
502,562,0.039748756
503,499,0.013015859
503,500,0.018404182
504,500,0.005624332
504,501,0.006674725
504,502,0.011969803
504,507,0.000435183
504,562,0.000462883
502,555,0.002102172
504,555,0.000165959
505,501,0.000143402
505,504,0.022389659
505,554,0.023117339
504,554,0.003658665
504,505,0.025915291
506,505,0.023014348
506,595,0.026724306
507,500,0.040275529
507,503,0.042279247
507,502,0.067404966
507,504,0.004108894
507,562,0.001196452
503,507,0.011986228
503,502,0.009273679
503,562,0.009398418
505,506,0.016570637
501,561,0.010179341
501,584,0.015947455
506,554,0.032995276
502,503,0.010832368
505,500,6.25E-05
505,595,1.36E-05
508,509,0.044040128
508,512,5.13E-05
508,530,0.035328108
508,587,0.013006615
509,510,0.03685426
509,591,0.025309264
508,556,7.72E-06
508,510,0.010917607
510,508,0.004068897
510,530,0.007701592
510,596,7.45E-05
508,596,2.44E-05
510,509,0.027064984
508,591,0.000278945
510,595,0.010515713
510,575,2.17E-05
509,508,0.022217494
509,587,0.004486959
509,530,0.00026568
510,591,0.000265331
511,512,0.019947881
511,545,0.007652028
511,576,0.008744532
511,564,0.067996221
511,493,0.000302303
511,498,7.44E-06
512,556,0.002183032
512,557,0.009407001
512,587,0.002237597
512,511,0.002648645
512,545,0.002522155
511,496,0.000434584
512,564,0.011327232
512,530,0.004813869
511,563,0.000619236
512,508,3.05E-05
551,524,0.024071065
551,520,0.014851723
551,553,0.015692301
513,572,0.017105868
513,586,0.043682657
514,533,0.029334642
514,534,0.030518819
514,546,0.034920324
515,516,0.031068096
515,519,0.025735538
516,515,0.022881073
516,517,0.02258608
516,518,0.021506881
516,569,0.006765449
516,571,0.00093791
517,516,0.012025804
517,518,0.011395465
516,519,0.017083236
518,516,0.003023408
518,517,0.002700303
517,519,0.012260719
517,520,0.023223006
518,520,0.003635183
518,524,0.022659424
519,517,0.040039422
519,516,0.027313753
519,521,0.05306942
519,522,0.0062885
519,515,0.023042619
517,521,0.000903532
517,522,0.018308464
520,518,0.002079298
520,517,0.004629194
520,524,0.020039763
521,519,0.043493442
521,517,0.002206072
521,522,0.040246104
522,523,0.030810476
522,521,0.029621329
522,517,0.035322133
522,520,0.000921215
523,522,0.039912573
523,517,0.008753408
523,520,0.036572218
524,551,0.014878709
524,520,0.02140196
524,548,4.19E-05
521,515,0.000904213
521,516,0.000163686
515,521,0.001300523
517,523,0.00351428
522,519,0.003910487
524,559,0.010583262
518,574,0.013564291
518,571,0.002646558
516,521,0.00012603
518,569,0.000336157
524,518,0.025669014
520,523,0.003122622
520,522,0.00010671
524,574,0.008631594
520,551,0.007293801
521,523,0.000240521
518,559,5.22E-06
520,553,0.002559138
523,521,0.000289372
525,527,0.024751193
525,544,0.001971626
525,526,0.035814882
525,531,1.46E-06
525,593,0.00041981
525,528,0.000384704
526,525,0.026252564
526,528,0.024742556
526,531,0.01149061
526,544,0.000636855
527,525,0.020954061
527,593,0.026712586
526,532,1.92E-05
525,529,0.042296403
526,567,0.005561776
527,592,8.42E-07
526,529,0.022270158
526,566,0.036231904
525,566,0.001836221
527,529,0.022617141
525,513,0.000111559
527,513,0.040636131
527,586,0.008749679
527,526,2.19E-05
527,566,0.00088081
527,568,0.00709692
525,568,3.85E-05
528,525,0.000637374
528,526,0.055926425
528,531,0.053317448
528,532,0.000261875
528,544,2.03E-05
528,567,0.100942978
529,525,0.035075758
529,527,0.023708819
529,526,0.025798934
529,513,0.011659049
529,566,0.047519556
529,568,0.01718194
529,593,1.01E-05
526,527,5.03E-05
528,529,0.000516472
528,566,0.024155411
525,567,8.26E-05
526,568,7.83E-05
529,528,0.000273457
529,567,0.000239078
513,570,0.003313512
513,573,1.33E-06
513,565,0.00418059
513,566,0.000885327
513,568,0.00922985
513,527,0.002039628
513,529,0.000619702
513,593,0.000443395
513,525,1.45E-05
530,564,0.005819404
530,563,0.002329545
530,512,0.003878893
530,587,0.001232023
530,596,0.030079282
530,594,5.99E-05
530,508,0.015867011
530,510,0.010738388
530,509,0.000116348
530,595,0.004414553
531,525,3.23E-06
531,526,0.005206722
531,528,0.010007559
531,532,0.031106484
531,544,0.000564302
532,526,1.47E-06
532,528,4.72E-05
532,531,0.017638676
532,544,0.002449671
531,567,0.019730956
531,566,0.000171293
533,514,0.004513877
533,534,0.029020322
533,546,0.000308235
534,514,0.006779994
534,533,0.032619925
534,546,0.056935006
533,535,0.01368504
535,533,0.015813361
535,537,0.008475633
535,536,0.018898649
535,542,8.19E-07
535,543,0.022074247
536,538,0.021900233
536,579,0.011572329
536,580,0.007790687
536,535,0.014851111
536,543,0.011581068
537,495,0.001175991
537,494,0.024934988
537,538,0.004950721
537,536,0.001545106
537,535,0.00573946
537,533,0.022473159
538,495,0.013444909
538,494,0.000274
538,537,0.002641847
538,536,0.017044963
538,535,9.96E-05
539,537,0.019190023
539,534,0.0089269
539,533,0.00014751
539,550,0.035458784
536,494,3.10E-06
536,495,4.57E-05
536,537,0.001744752
536,533,1.67E-05
536,542,0.003578528
535,538,0.000304362
539,546,0.004929241
538,497,0.006764141
534,539,0.008252843
534,537,0.003738173
534,550,0.000303046
534,549,5.38E-05
534,547,6.13E-06
537,534,0.002291227
533,537,0.029716197
537,539,0.011113058
537,577,0.004012507
539,577,0.015732692
539,576,0.013273002
537,546,2.91E-05
537,550,2.87E-05
539,547,2.25E-05
539,549,1.51E-05
538,580,0.014819941
539,494,0.000170747
533,539,0.00013871
538,583,0.000148386
533,536,3.15E-05
540,541,0.024361623
540,542,0.028727168
540,579,0.014866039
540,581,0.009480193
541,540,0.028900178
541,581,0.004268141
541,578,0.035748795
540,578,0.000445644
542,536,0.005329482
542,540,0.031117462
542,543,0.020685136
542,579,0.026645094
542,535,2.55E-06
543,535,0.032644632
543,536,0.029294361
543,542,0.032543952
543,579,0.000981436
544,525,0.005080752
544,526,0.001757438
544,531,0.003917512
544,532,0.03632011
544,528,1.72E-06
545,511,0.001571676
545,512,0.004004967
545,576,0.006404642
545,547,0.001521966
545,550,0.012088991
545,558,0.004754991
545,559,0.000867367
545,557,0.016585624
546,534,0.03447017
546,549,0.019123265
547,545,0.001280102
547,550,0.018596091
547,559,0.014809892
547,558,4.35E-05
546,514,0.00305441
546,533,0.000120475
546,539,0.003440316
546,537,2.12E-05
546,550,0.007565914
548,549,0.024852931
548,547,0.046811329
548,551,0.049778607
549,546,0.014867654
549,552,0.017742116
550,545,0.011183295
550,576,0.012817821
549,550,0.000310891
549,547,0.004439496
549,548,0.0107334
550,539,0.012116937
546,547,0.001515777
550,534,0.000178739
550,549,0.000536511
550,546,0.004912106
550,547,0.020939897
547,549,0.00387526
547,548,0.013803485
547,546,0.000837187
550,537,1.47E-05
551,547,0.006597902
551,559,0.010848621
549,551,0.001656245
550,559,0.000373095
547,551,0.003387553
551,548,0.031932405
549,534,3.61E-05
549,539,7.45E-06
547,534,2.62E-06
547,539,7.53E-06
551,549,0.00240496
551,552,0.000869462
552,549,0.014241869
549,553,0.001170526
548,553,0.000682842
548,552,0.000270694
553,551,0.030294851
553,520,0.009186257
553,548,0.001413525
553,549,0.002997533
553,552,0.075350754
548,524,0.000236815
552,551,0.002798773
552,553,0.034128707
550,558,5.01E-06
552,548,0.000278067
548,559,8.53E-05
554,505,0.031460155
554,506,0.032255318
554,501,0.013602959
554,504,0.00350474
554,555,8.53E-06
554,595,0.000514247
554,584,0.001316772
555,562,0.015524802
555,501,0.017503869
555,561,0.002718922
555,504,0.000144657
555,502,0.001272877
555,554,9.51E-06
556,512,0.004786901
556,557,0.013698545
557,512,0.014551013
558,545,0.003848045
558,559,0.012284039
558,557,0.009799699
559,545,0.000619771
559,547,0.010913751
559,558,0.009946061
557,556,0.013759125
560,558,0.006265758
560,572,0.026646747
556,587,0.00721809
557,558,0.010785664
558,547,4.20E-05
558,550,1.38E-06
559,574,0.020900467
559,572,0.000515764
559,573,0.00030517
557,545,0.013564033
558,560,0.004373091
558,572,0.005791849
558,574,0.001319761
556,585,0.017888116
559,550,0.000218155
556,588,0.015307049
556,590,0.000343701
558,556,0.003258961
558,585,0.000650998
558,586,0.002936756
560,585,0.01532473
560,586,0.031613372
556,558,0.003603371
556,586,0.001089031
556,508,5.16E-06
559,551,0.00433716
557,585,3.79E-05
556,560,0.003151248
560,556,0.004618887
559,524,0.006468822
559,548,1.61E-05
557,586,7.88E-06
559,518,1.06E-05
561,501,0.018647674
561,555,0.006597595
561,584,0.017823451
562,555,0.026241077
562,502,0.061462464
562,501,0.004990477
562,504,0.000965763
562,499,3.73E-06
562,500,0.002702267
562,507,0.00044299
562,503,0.015984834
563,496,0.006059266
563,564,0.010293403
564,512,0.018797278
564,530,0.016383249
564,563,0.019682297
564,493,0.00118179
564,496,0.002015542
564,498,7.11E-07
564,511,0.014791357
564,576,0.000267317
563,530,0.002546013
563,493,5.45E-06
563,511,4.12E-05
563,596,0.001795489
563,594,0.005011223
564,596,7.48E-05
565,513,0.024103752
565,566,0.028951816
565,568,0.00266139
565,570,0.014159859
565,572,5.46E-05
565,567,0.012565282
566,526,0.007306085
566,525,0.000311403
566,528,0.002143909
566,529,0.008769172
566,531,9.38E-05
566,567,0.025008028
567,565,0.012736398
567,566,0.030774664
566,527,0.000196931
566,513,0.003307743
566,568,0.023755872
566,565,0.021019778
567,526,0.002025744
567,528,0.011028263
568,513,0.076222737
568,565,0.003910365
568,566,0.049620195
568,527,0.006868347
568,529,0.008198249
568,526,4.82E-05
567,525,1.64E-05
567,529,6.82E-05
567,531,0.011479252
568,586,0.002310168
568,525,3.30E-05
568,593,0.000398367
569,570,0.006106896
569,571,0.032408507
570,569,0.001821183
570,571,0.006779689
570,513,0.013232587
570,572,0.006160045
570,573,0.011974104
571,569,0.01207607
571,570,0.008141851
571,574,0.017289481
569,516,0.005234171
569,518,0.001505777
571,516,0.000311689
571,518,0.005502761
570,565,0.010008888
571,573,0.009901071
572,560,0.009593024
572,558,0.003034756
572,574,0.003414728
572,513,0.018749079
572,570,0.002148114
572,573,0.012983758
573,570,0.013888276
573,571,0.009565076
574,518,0.016648769
574,571,0.009747437
573,572,0.034050562
574,573,0.010192776
574,559,0.03016829
574,572,0.006234713
573,574,0.016398165
572,559,0.000772692
573,559,0.001073037
572,586,0.011208053
574,558,0.001477551
574,524,0.007376822
573,513,7.97E-06
572,565,1.08E-05
575,595,0.129830164
575,510,0.001073611
576,511,0.001384013
576,545,0.003759017
576,577,0.020475002
576,493,0.000778049
576,498,0.003480025
576,564,0.000154806
577,494,0.020041702
577,498,0.015422274
577,495,3.02E-05
576,550,0.007780734
577,576,0.040929769
577,539,0.011523571
577,537,0.004860231
576,539,0.002710126
576,494,1.26E-06
578,581,0.024763758
579,536,0.011151218
579,542,0.024948289
579,580,0.021704651
580,497,0.00526637
580,536,0.006043689
580,538,0.010548144
580,579,0.01272055
579,543,0.000264501
579,540,0.015166839
579,581,0.012353534
580,581,0.001247114
580,582,0.022730995
581,578,0.016004136
581,582,0.023531995
581,540,0.008269832
581,579,0.010651874
581,580,0.001722699
581,541,0.002945818
582,581,0.016395525
579,582,0.001160417
580,583,0.019514886
578,541,0.035890025
582,580,0.024704965
582,579,0.000729266
582,583,0.006177797
578,540,0.000606047
583,497,0.02137775
583,580,0.017557348
583,582,0.004940766
583,538,0.000276781
580,495,4.13E-05
583,495,8.66E-05
584,501,0.013749691
584,561,0.00868175
584,554,0.001594221
585,556,0.010580603
585,558,0.000380897
585,557,1.74E-05
585,560,0.006202922
585,586,0.020449184
585,588,0.001368341
585,590,0.008680329
586,558,0.000666296
586,560,0.005105218
586,556,0.000227041
586,557,1.37E-06
586,585,0.006457829
587,508,0.010883518
587,512,0.002405273
587,530,0.001452543
587,556,0.005264745
588,556,0.021172208
588,585,0.002412123
588,590,0.040122719
587,588,0.017052393
587,509,0.007261095
589,586,0.00759382
589,592,0.00181461
585,589,0.029129876
588,587,0.032957754
586,527,0.000280143
586,513,0.023496015
586,568,0.000135202
586,593,0.005490926
589,585,0.021637214
590,556,0.00056306
590,585,0.015192252
590,588,0.037933083
591,589,0.003980835
591,590,0.006931666
586,592,0.004620429
590,589,0.042232245
589,591,0.004029133
589,590,0.017951915
586,572,0.005914906
586,589,0.003715073
589,588,2.38E-05
587,590,0.003244412
587,591,0.029236307
590,587,0.006516425
590,591,0.017523397
591,587,0.02245771
591,588,0.000288439
591,509,0.031033517
589,587,1.52E-05
588,589,7.46E-05
588,591,0.000657897
587,589,2.12E-05
591,508,0.000181754
591,510,0.000391393
592,527,1.78E-07
592,593,0.010461326
593,527,0.00845752
593,592,0.008836403
593,525,0.000120587
593,586,0.059825038
592,586,0.055678529
593,513,0.003403384
593,529,1.15E-06
593,568,0.00010989
592,589,0.011339342
595,510,0.0375566
595,575,0.006489254
595,506,0.009811592
595,505,4.72E-06
595,554,0.000286827
596,530,0.042205472
596,563,0.00194648
596,564,4.78E-05
596,594,0.028770788
594,530,7.60E-05
594,563,0.003339456
594,596,0.018927519
596,510,0.000190241
595,530,0.010055799
595,596,0.005505235
596,508,2.26E-05
596,595,0.003587476
597,598,0.020891688
597,601,0.010559783
597,606,3.05E-05
598,597,0.003139715
598,601,0.01617536
598,606,0.0276519
599,600,0.040489756
599,598,0.00039186
599,604,0.021084368
599,605,0.030785497
599,601,0.003487532
600,599,0.020710529
600,598,0.018467004
600,603,0.016151771
600,601,0.003717243
600,605,0.000721368
601,597,0.004699576
601,598,0.051931941
601,605,0.040263983
598,599,8.74E-05
598,600,0.010012622
598,603,0.007527178
598,605,0.000259452
602,606,0.02079216
603,600,0.007683285
603,598,0.00700875
603,606,0.072491611
601,600,0.010796925
604,599,0.02806031
604,600,1.54E-05
604,605,0.029310809
604,601,0.000107911
600,604,4.94E-06
605,599,0.027995753
605,600,0.001428702
605,598,0.001384445
605,601,0.035631408
605,604,0.023202356
600,606,6.84E-05
601,599,0.005210213
602,603,0.038985704
602,607,0.017359399
602,608,0.00125594
606,602,0.002117628
606,603,0.025714703
601,604,0.000211163
606,598,0.009748286
606,597,4.37E-06
606,600,5.45E-05
603,602,0.013457041
603,607,0.00538874
603,608,0.004924888
607,602,0.004733615
607,603,0.002826084
607,608,0.031628612
607,611,0.025645462
608,603,0.004291587
608,607,0.048648392
608,609,0.049334245
608,611,0.008866382
607,609,0.003346701
607,612,0.003238398
608,612,2.79E-05
608,602,0.000320164
609,608,0.014295159
609,611,0.007136962
609,612,0.017394294
609,607,0.001084424
609,610,0.019669327
609,613,0.00042936
609,614,8.06E-05
610,609,0.016647114
610,612,0.003507655
610,613,0.02639305
610,614,0.003067607
610,615,0.020637233
610,620,0.000227259
611,607,0.05973211
611,608,0.010880046
611,609,0.030381228
611,612,0.050704749
612,608,3.51E-05
612,609,0.031272707
612,610,0.007485884
612,611,0.023886199
612,613,0.005962637
612,614,0.011145691
612,620,1.77E-05
612,607,0.00293213
613,610,0.056410104
613,614,0.029569909
613,615,0.042374226
613,620,0.015799203
613,609,0.000700317
613,612,0.005960033
613,616,5.78E-05
614,610,0.008481713
614,612,0.030952192
614,613,0.068778835
614,615,0.000215552
614,620,0.024400571
614,609,0.000381696
615,613,0.018592643
615,616,0.033539137
615,617,3.58E-05
615,620,0.009512012
615,624,3.68E-08
615,614,9.00E-05
615,610,0.01541625
616,615,0.013436495
616,617,0.035902533
616,619,0.052264518
616,620,0.000973299
616,624,0.000222318
616,613,6.90E-06
617,615,1.13E-05
617,616,0.013383362
617,620,0.000727669
617,624,0.005528278
617,621,1.23E-06
617,625,0.007258451
617,619,0.022367941
619,616,0.053933886
619,617,0.067052302
619,625,1.75E-06
619,624,1.47E-05
620,610,2.47E-05
620,613,0.007873865
620,614,0.004394955
620,615,0.01192864
620,616,0.002421646
620,617,0.006724533
620,621,0.0012553
620,624,0.015113842
620,612,4.50E-06
620,626,9.49E-06
620,622,0.000134599
621,617,3.17E-05
621,620,0.002671052
621,622,0.015585163
621,623,0.04302029
621,624,0.031640054
621,626,0.026090369
622,621,0.06458534
622,623,0.006961858
622,620,0.001046481
622,624,0.000312448
622,626,0.000166715
623,621,0.02736078
623,624,0.00065852
623,626,0.022966919
623,628,0.022431102
623,622,0.002466397
623,627,0.00012839
623,630,0.00012197
624,617,0.033599282
624,626,0.01403315
624,625,0.028190393
624,616,0.000182806
624,619,1.05E-06
624,621,0.010953523
624,623,0.000165295
624,627,5.76E-05
624,620,0.013439764
624,622,1.08E-05
624,615,3.82E-07
626,621,0.002852519
626,623,0.008175673
626,624,0.007045858
626,625,0.006801196
626,628,0.015527723
626,627,0.050416702
626,622,3.10E-06
626,620,2.49E-06
625,617,0.025718709
625,624,0.028878886
625,619,7.30E-06
625,626,0.009013155
625,627,0.012536632
627,624,0.000280795
627,626,0.061206999
627,625,0.012099786
627,628,0.032155203
627,629,0.000175775
627,631,8.65E-05
627,630,3.90E-05
627,623,0.000197
628,623,0.005409678
628,626,0.005475729
628,627,0.020453735
628,630,0.028069452
628,629,0.014074672
628,631,0.001917243
628,633,0.000107723
628,636,1.15E-05
629,627,0.003009127
629,628,0.08906029
629,630,0.018314892
629,631,0.014711178
629,640,0.009643696
630,623,0.0002335
630,628,0.061619097
630,633,0.003728551
630,632,2.53E-05
630,636,0.016231458
630,629,0.006786849
630,641,0.0026795
630,637,1.42E-05
630,640,0.003862047
630,631,0.000246143
630,627,0.000357694
628,640,1.64E-06
631,627,0.002373657
631,629,0.057158322
631,628,0.054782831
631,640,0.028607395
631,630,0.001104645
632,630,0.000300721
632,633,0.036241946
632,634,0.056669778
632,635,3.70E-06
632,636,0.056979191
632,637,0.012056892
633,628,0.004728256
633,630,0.050716367
633,632,0.037083134
633,636,0.076166434
633,634,0.003052136
633,637,9.78E-05
634,632,0.038611362
634,633,0.002748694
634,635,0.011878304
634,636,0.006778468
634,637,0.047689409
634,638,5.88E-06
635,632,1.09E-05
635,634,0.023965179
635,636,7.56E-06
635,637,0.098434454
635,638,0.041583066
635,639,0.029211017
635,650,6.83E-05
636,630,0.031187745
636,632,0.009844394
636,633,0.012214886
636,634,0.001764199
636,635,5.65E-07
636,637,0.027606766
636,641,0.023384075
636,628,4.60E-05
636,640,0.008430352
636,642,0.002272181
637,632,0.001542837
637,633,3.51E-05
637,634,0.010693792
637,635,0.010476738
637,636,0.016747365
637,638,0.017034436
637,639,0.00587678
637,642,0.020708391
637,641,0.000598766
637,643,0.000220185
637,650,5.81E-05
637,630,4.95E-05
637,640,0.000118499
638,634,1.45E-05
638,635,0.013159111
638,637,0.046306732
638,639,0.042811732
639,635,0.006883985
639,637,0.007982777
639,638,0.025372063
639,645,0.039902249
639,650,0.006109283
638,642,0.038424898
638,643,0.00119203
638,650,0.024847099
639,644,0.001173745
638,645,0.002007468
639,642,0.000221931
639,646,0.000251374
640,630,0.020197704
640,631,0.011153017
640,641,0.049456785
640,642,0.007387915
640,643,0.022527852
640,636,0.013128017
640,637,0.000282181
640,629,0.008996857
640,628,0.000136222
641,630,0.024135334
641,636,0.071511614
641,637,0.003110466
641,640,0.073931886
641,642,0.018737208
641,643,0.009983352
642,636,0.001536588
642,637,0.043845002
642,640,0.004851883
642,641,0.008763416
642,643,0.051915894
642,638,0.022988007
642,650,0.009325983
642,639,8.55E-05
642,645,2.24E-05
642,652,3.02E-05
643,640,0.024367607
643,641,0.006535385
643,642,0.064546739
643,637,0.00047678
643,638,0.000651681
643,650,0.005003372
644,645,0.049032168
644,646,0.060432866
644,649,0.004910736
644,650,0.053714432
644,651,0.001256086
644,652,0.000130316
645,639,0.030352505
645,638,0.001479679
645,642,2.21E-05
645,644,0.039500248
645,646,0.009879904
645,650,0.023664781
644,639,0.00146821
646,644,0.082826445
646,645,0.015015604
646,649,0.021688076
646,650,0.011295216
646,651,0.000311899
646,639,0.000518847
649,644,0.022451263
649,646,0.112997512
649,651,0.001476114
649,650,0.002765835
650,644,0.02818509
650,651,0.006839053
650,652,0.024195816
650,642,0.005122172
650,645,0.013175236
650,646,0.004930249
651,644,0.002906689
651,646,0.001228897
651,650,0.080095373
651,652,0.098897774
651,649,0.000886924
650,649,0.000494346
650,643,0.002588418
650,635,5.98E-06
650,637,2.33E-05
650,639,0.001544761
650,638,0.005605247
652,644,5.61E-06
652,650,0.023330986
652,651,0.007803485
652,654,0.002508791
652,642,1.89E-05
653,654,0.072188165
654,652,0.053855264
654,653,0.021909637
659,658,0.004229973
658,659,0.008542153
658,660,0.000948821
660,659,0.055949781
659,660,0.001991525
660,658,0.014259624
661,663,0.011520708
661,666,0.016456292
661,676,0.007653212
661,677,0.001756887
661,662,0.015960066
663,661,0.050084094
663,666,0.014981221
663,665,0.001376822
663,673,0.00183176
663,676,0.039173106
663,677,0.044292594
663,662,0.01008455
664,667,0.118765962
664,671,7.01E-05
664,665,0.005604837
665,667,0.033392857
665,671,0.007374847
665,673,0.017704707
665,677,0.014866406
665,662,0.000369597
666,661,0.083990245
666,663,0.014253492
666,676,0.059852424
666,677,0.001212293
666,662,5.89E-05
667,664,0.022044056
667,668,6.95E-05
667,670,2.16E-05
667,671,0.006116953
667,665,0.013195531
667,669,3.28E-06
667,677,1.02E-05
668,667,0.00415878
668,669,0.018524323
668,670,0.033101635
668,671,0.044024434
669,667,0.000105738
669,668,0.018544459
669,670,0.030396646
669,671,0.047900871
669,672,0.065240635
669,665,0.006723303
669,676,4.44E-05
669,677,0.016216939
670,667,0.001820579
670,668,0.084750094
670,669,0.066140058
670,671,0.069657694
670,672,0.008258188
670,665,0.000592389
671,667,0.073857584
671,668,0.008981185
671,669,0.009641972
671,670,0.006447276
671,672,0.002209303
671,665,0.046144088
671,677,0.003186843
672,669,0.042451695
672,671,0.006696544
672,665,0.003363405
672,676,0.016261574
672,677,0.036659081
671,676,1.60E-06
672,670,0.00231664
672,668,0.001668876
668,672,0.003888831
671,664,5.16E-06
665,663,2.17E-05
665,676,3.59E-06
665,669,0.000387683
665,672,0.000242662
665,670,1.93E-05
665,664,0.000468642
665,675,4.56E-05
673,663,0.000132171
673,665,0.068567724
673,675,0.048894742
673,677,0.003482747
673,676,7.23E-06
673,662,0.008419508
673,661,1.62E-05
673,674,7.02E-05
674,673,0.00048878
674,675,0.109837818
675,673,0.044346455
675,674,0.011769972
675,662,0.012484642
675,665,2.83E-05
675,677,4.56E-05
675,661,0.000155159
676,663,0.038182691
676,669,4.76E-06
676,672,0.004776667
676,671,5.75E-07
676,665,2.15E-05
676,677,0.020918765
677,669,0.001849341
677,671,0.001437327
677,672,0.006880471
677,665,0.036956627
677,676,0.015009731
676,666,0.040473366
677,663,0.034909536
677,666,0.00028562
677,673,0.005552729
677,662,0.012125664
677,667,1.31E-05
676,673,2.86E-05
676,662,0.000617589
676,661,0.01790647
677,675,4.90E-05
677,661,0.003137091
662,663,0.002603369
662,665,0.000359398
662,673,0.012044367
662,675,0.022211114
662,677,0.013513232
662,676,0.000747272
662,661,0.057825661
662,666,1.59E-05
661,673,2.27E-05
661,675,0.000133192
680,686,0.035402656
681,683,0.006784853
681,685,0.021648297
681,688,0.02356442
681,689,0.004225245
679,685,0.010717802
682,683,0.047409719
682,684,0.018977377
682,686,0.043559944
682,681,0.03464414
682,687,0.000229371
683,682,0.022236094
683,684,0.04696794
683,681,0.029807899
684,682,0.015892213
684,683,0.071054716
684,681,0.0007299
683,686,0.000230695
685,681,0.009779418
680,687,0.008414896
686,680,0.033740321
686,688,0.013922079
686,689,0.007103198
686,682,0.003106049
686,683,1.72E-05
686,687,0.006354094
686,681,0.005410707
680,688,1.37E-05
680,681,4.01E-06
687,686,0.02210214
687,680,0.023217037
687,682,0.000189516
685,679,0.010800966
688,681,0.038048143
688,686,0.032836891
688,689,0.046181033
688,680,2.58E-05
689,681,0.003731274
689,688,0.020398446
689,686,0.005386137
681,682,0.003708475
681,686,0.008711294
681,684,6.99E-05
681,680,2.14E-06
690,704,0.008812961
690,705,0.049094422
690,691,0.018678476
690,693,0.004753487
691,690,0.013379795
691,693,0.03369101
690,706,0.000247765
692,691,0.007438651
692,693,0.003786761
692,694,0.015533291
692,695,0.014196123
691,705,0.001667613
691,692,0.019005674
691,694,4.03E-05
691,706,0.000318641
693,691,0.015955729
693,690,0.001354488
693,705,0.004104887
693,706,0.012919618
693,692,0.00466636
693,694,0.020533532
693,717,0.0103855
694,692,0.007065757
694,695,0.016121884
694,693,0.009280979
693,697,0.011512827
694,698,0.006709914
694,691,2.13E-05
694,697,0.029814565
694,717,0.000789138
694,718,4.37E-05
696,707,0.000673795
696,708,0.01015664
696,718,0.007176645
696,703,0.032130319
696,695,0.016001728
696,710,0.000664629
695,698,0.029792746
695,692,0.005913932
695,709,0.005339616
695,711,0.000267793
695,694,0.012124857
695,696,0.022319484
695,710,0.00320949
695,712,0.000174682
695,703,0.001016174
695,697,0.000653844
695,718,5.35E-06
696,697,0.002541109
696,698,0.002438533
697,693,0.003755834
697,694,0.036040268
697,717,0.01684976
697,718,0.0211001
697,695,0.000645805
697,696,0.003683367
697,698,0.019573357
697,715,0.00019422
698,695,0.081886181
698,696,0.010686164
698,697,0.043289094
698,694,0.015374616
698,718,0.000998505
699,701,0.019372087
699,700,0.008862739
700,699,0.027072176
701,699,0.018022183
701,708,0.009911078
700,702,0.024007855
702,700,0.025582384
703,696,0.017855289
703,708,0.000859856
703,710,0.002244348
703,695,0.000281739
705,704,0.005456964
704,705,0.024465391
704,690,0.014750782
706,693,0.029163007
706,705,0.036929258
706,717,0.043889257
705,690,0.014171928
705,693,0.003281807
705,706,0.013466902
705,717,4.97E-05
706,690,0.000247839
705,691,0.001037321
706,691,0.000501086
707,696,0.005801879
707,708,0.01708803
707,715,0.02627302
707,718,0.058313816
707,713,1.50E-05
708,696,0.014798581
708,707,0.001374063
708,718,0.001965626
708,701,0.002116685
692,709,0.000700043
692,711,0.013775711
708,703,0.002213477
709,695,0.059332353
709,692,0.004016381
709,711,0.042611777
709,712,0.029126551
709,710,0.017197052
710,703,0.070592341
711,692,0.017199226
710,696,0.004034609
710,695,0.027924913
710,709,0.012274866
710,712,0.007791641
711,695,0.00094082
711,709,0.010949696
711,712,0.004907633
712,695,0.004574567
712,709,0.042768523
712,710,0.019697387
712,711,0.024855132
713,707,1.32E-05
713,715,0.023796892
714,715,0.006092292
714,717,0.024396159
715,707,0.006446863
715,713,0.008481778
715,718,0.040895174
714,713,0.011403193
713,714,0.024196659
713,716,0.021645763
716,714,0.058250725
717,693,0.003276661
717,697,0.015067794
717,706,0.009187265
717,694,0.000450566
714,716,0.018841973
715,714,0.006132663
715,717,0.015644891
715,697,0.000189772
717,715,0.005699967
717,718,0.003929862
716,713,0.034499018
718,697,0.027842942
718,715,0.02491931
718,717,0.005835569
717,714,0.006949253
718,694,2.71E-05
718,696,0.01987699
718,698,0.000337218
718,707,0.008580215
718,708,0.003532869
717,705,2.81E-05
718,695,4.56E-06
719,727,0.002887289
719,724,0.003333031
719,723,0.004761805
720,725,0.025459558
720,721,0.008860278
720,722,5.81E-06
721,720,0.098716684
722,720,4.33E-07
722,724,0.002182962
722,725,0.003639724
722,728,0.01031147
723,719,0.047893874
723,727,0.088931403
723,724,0.001412419
723,726,0.007485772
727,719,0.005026055
727,723,0.022774073
727,724,0.008778813
727,726,0.078760379
724,722,0.002243307
724,728,0.013394699
724,725,0.004307449
724,726,0.021971447
724,719,0.005418001
724,727,0.00871244
724,723,5.53E-05
725,720,0.018472199
725,722,0.004268622
725,724,0.006643315
725,726,0.008042915
726,727,0.031659406
726,724,0.012904035
726,725,0.00550522
726,723,0.002275875
728,722,0.021860815
728,724,0.032355007
729,730,0.017947778
729,731,0.004567262
730,729,0.039582163
730,731,0.028309365
729,732,0.000785557
729,745,0.000406453
729,737,0.000499661
729,736,4.29E-06
729,739,0.000131214
731,729,0.00339153
731,730,0.011157319
731,736,7.82E-07
731,737,8.79E-05
731,732,5.86E-05
731,739,0.000427394
731,745,0.002185566
730,745,1.41E-05
732,729,0.06440808
732,733,0.019203458
732,734,0.008134326
732,735,0.00099139
732,736,0.003170081
732,737,0.050300956
732,739,0.004420663
732,744,0.000111996
733,732,0.04515775
733,734,0.061701434
733,735,0.001933801
733,736,0.001836165
733,737,0.004892933
734,732,0.002039113
734,733,0.005905371
734,735,0.020388251
734,736,0.001719397
734,737,0.000636765
734,739,6.38E-05
734,741,0.000272249
734,744,0.000272585
734,738,0.037542584
734,746,0.000400898
735,732,0.00044554
735,733,0.000308546
735,734,0.036115591
735,736,0.00401555
735,737,0.000670947
735,739,0.001013412
735,741,0.012762395
735,738,0.078627595
735,744,0.007889892
735,746,0.041511266
736,729,0.000287044
736,732,0.011406137
736,733,0.003704289
736,734,0.0369216
736,735,0.050986669
736,737,0.07328486
736,739,0.056212847
736,741,0.002679446
736,744,0.024639972
736,745,0.000453023
736,746,0.00220167
736,731,9.25E-05
737,729,0.043392623
737,731,0.00795001
737,732,0.055615757
737,733,0.002568741
737,734,0.003809956
737,735,0.002114752
737,736,0.015723491
737,739,0.053158289
737,744,0.000173291
737,745,0.038441883
738,735,0.010112587
738,734,0.006885481
738,740,0.008647148
734,740,0.000592818
738,742,0.007476807
732,731,0.006795127
732,745,0.00435693
739,729,0.004837947
739,731,0.024792844
739,732,0.003590331
739,734,0.000321693
739,735,0.002981126
739,736,0.008409696
739,737,0.029012552
739,741,0.000224699
739,744,0.017594435
739,745,0.036103418
739,746,0.051251425
740,738,0.008278072
740,742,0.035674241
740,734,0.000114964
741,734,0.002970337
741,735,0.046677997
741,736,0.002261696
741,739,0.000190656
741,738,0.004011638
741,744,0.044803625
741,746,0.15841389
740,743,0.014591535
740,747,0.027953282
738,741,0.000686497
738,746,0.011667174
742,738,0.013074901
742,740,0.06679142
743,740,0.018038212
743,747,0.021330177
744,732,0.001059179
744,734,0.007644614
744,735,0.04786729
744,736,0.016435
744,737,0.001197809
744,739,0.070445353
744,741,0.056955263
744,746,0.064125852
744,738,0.000160029
745,729,0.013249521
745,731,0.137751815
745,736,0.000224931
745,737,0.018351903
745,732,0.001929709
745,739,0.030925515
745,730,0.000130869
743,748,0.027853326
742,747,0.020182189
746,735,0.011712615
746,741,0.008173262
746,738,0.014229007
746,734,0.000249748
746,744,0.003414532
738,744,6.76E-06
747,740,0.060962781
747,743,0.039572419
747,742,0.02261858
748,743,0.010435465
748,747,6.02E-05
747,748,0.000969831
746,736,0.000756955
746,739,0.010863304
749,760,0.002831127
749,759,0.00014663
749,750,4.67E-07
749,770,0.012301752
750,753,0.005546593
750,754,0.000941952
750,769,0.022585222
750,770,0.062479421
750,757,3.61E-08
750,758,1.25E-05
750,749,1.04E-05
752,751,0.027550746
752,765,0.001536265
751,755,0.00094633
751,765,0.000597592
752,762,0.002021104
752,763,0.017665025
752,761,1.80E-06
751,752,0.00738634
753,750,0.015423386
753,754,0.010233305
753,769,6.04E-07
754,750,0.000879709
754,757,0.010237761
754,758,3.93E-05
754,769,0.001220614
754,753,0.001700884
754,767,2.69E-06
755,751,0.008192659
755,765,0.042562941
755,756,0.001905493
756,755,0.096371238
756,765,0.000216212
756,768,0.059668662
756,767,3.65E-06
755,768,0.043646697
758,766,0.040366691
758,769,0.01241986
758,770,0.009349882
757,750,3.06E-07
757,754,0.010752885
757,758,0.021882118
757,769,0.00034118
758,757,0.075087474
758,750,5.32E-06
758,754,0.000100474
757,767,0.042959693
757,768,0.001879181
757,766,2.49E-05
760,749,0.050249528
760,759,0.05800509
759,760,0.029125938
759,749,0.005146824
763,752,0.006787582
763,761,0.001779012
763,762,0.002290381
763,764,0.00227498
761,763,0.007738175
761,762,0.051469543
761,764,0.026299008
762,752,0.012963421
762,761,0.070974032
762,763,0.018481034
762,764,0.00282637
761,752,8.40E-05
764,761,0.006083156
764,762,0.000670791
764,763,0.010010093
765,755,0.037330894
765,751,0.0029198
765,756,0.000145407
766,758,0.017537374
766,757,1.35E-06
766,770,0.00081533
766,769,4.27E-07
767,757,0.049338496
767,768,0.056107329
767,754,2.70E-06
768,757,0.003107041
768,767,0.02071584
768,756,0.000119856
768,755,0.006293669
767,756,2.13E-06
769,750,0.0538522
769,754,0.006946429
769,758,0.021161044
769,757,0.002471381
769,770,0.019614836
769,766,6.72E-07
770,758,0.001725038
770,766,0.000127061
770,769,0.003199944
770,750,0.023811054
769,753,7.86E-06
770,749,0.024333652
765,752,0.001475109
771,782,0.017361329
771,783,0.010098468
771,790,0.03063293
771,776,0.003086243
772,781,0.025008546
772,787,0.019156588
772,802,0.009670118
772,803,0.001724285
772,794,4.50E-06
773,775,0.071955486
773,785,0.054959478
773,801,0.016250547
774,784,0.032202426
774,786,0.011200628
774,780,5.25E-05
774,797,0.011358132
775,773,0.007690808
775,785,0.023516459
775,801,7.10E-05
775,795,0.037458015
782,771,0.014877592
782,783,0.021248074
782,790,0.045866969
776,780,0.024929469
776,790,0.022108717
777,780,0.011041716
777,776,0.071095513
776,771,0.00064543
776,782,4.57E-06
776,777,0.010843964
779,792,0.008634987
779,796,0.0181821
779,802,0.000704534
779,795,0.02460555
780,777,0.002160701
780,793,0.003080812
780,776,0.015308834
781,772,0.016446593
781,787,0.012046006
781,791,0.031097923
781,794,0.019777829
781,788,2.49E-05
780,790,7.13E-07
783,782,0.070857321
783,771,0.03373123
784,793,0.000290079
784,780,0.023497092
785,773,0.046802808
785,775,0.137537647
785,795,0.005926533
784,774,0.03207078
784,786,0.004004543
786,774,0.046170061
786,784,0.024232907
787,772,0.009264938
787,781,0.012459845
787,794,0.017356172
787,788,0.01766339
788,787,0.018949473
788,794,0.04449964
788,781,4.64E-05
789,792,0.033559586
789,797,0.02836632
789,802,0.000472376
775,796,0.002143761
790,771,0.012100206
790,776,0.051099256
790,782,0.014618727
775,774,0.003027611
782,776,3.31E-05
791,781,0.082880603
791,804,0.039400657
791,794,0.004044857
791,778,0.024230514
781,804,0.002718196
781,778,3.60E-05
792,779,0.023811224
792,789,0.03387666
792,802,0.015774366
792,774,0.002201234
790,777,4.41E-06
793,784,0.000576467
793,780,0.048508672
793,801,0.015011145
794,781,0.020573313
794,788,0.030720002
794,791,0.001312185
794,804,0.001255403
794,787,0.011133086
774,775,0.003997273
774,801,0.002321201
774,792,0.001417162
774,789,0.003562322
791,796,0.009904169
794,772,6.11E-06
795,779,0.033582973
795,796,0.032656513
795,775,0.051400119
795,785,0.002017914
796,779,0.045067078
796,795,0.043194283
796,791,0.009812638
796,778,0.016531034
796,775,0.001601288
797,789,0.080378921
797,774,0.062575916
790,780,1.83E-06
798,800,0.010732264
800,798,0.028825541
780,784,0.001692756
780,774,4.11E-06
780,801,4.92E-05
801,773,0.033571579
801,775,0.000858059
801,774,0.024254959
801,793,0.092739088
801,780,0.006215924
802,779,0.003645541
802,789,0.001050846
802,792,0.041384693
802,803,0.025118881
802,772,0.040327751
803,772,0.02628954
803,802,0.083078037
789,774,0.00684354
778,804,0.045757302
778,791,0.019606056
778,796,0.016819545
778,781,3.40E-05
804,791,0.027294137
804,778,0.045179481
804,781,0.005775752
804,794,0.001694389
777,790,8.93E-07
806,809,0.036767499
806,810,0.002034593
806,827,0.004105612
809,806,0.087664493
809,807,0.010436252
809,827,0.000987075
806,825,0.003943135
806,813,0.000346315
806,815,0.000499266
809,808,0.005366581
807,809,0.057729081
807,808,0.029672218
808,809,0.029159488
808,807,0.016588627
809,810,0.002148523
806,808,1.20E-05
808,810,0.015562365
808,806,0.000171879
810,806,0.008338053
810,809,0.003932699
810,808,0.005706787
810,813,0.016137445
810,825,8.92E-06
810,815,0.000151748
810,812,0.010468846
810,811,0.009809733
811,810,0.015715086
811,812,0.019159883
811,817,0.002740512
812,811,0.020265732
812,816,0.009108752
812,817,0.010756241
812,810,0.017340035
813,814,0.02402034
813,815,0.014921843
813,825,0.000145906
813,806,0.00232832
813,810,0.025022338
813,812,0.029744218
814,816,0.020941162
814,817,0.002632041
814,813,0.024217618
814,815,0.011022989
814,812,0.002837872
813,816,0.000578555
815,813,0.031890803
815,814,0.017276087
815,820,0.002626188
815,825,0.037234794
815,822,0.000432822
812,813,0.026495949
812,814,0.002467112
816,812,0.026246491
816,814,0.055176187
816,817,0.043897849
816,813,0.001317996
817,814,0.006971077
817,816,0.045683772
817,812,0.034756296
817,811,0.011038298
818,824,0.013410615
818,819,0.026691792
818,826,0.005744927
818,823,0.016172283
818,821,0.000394984
818,820,0.000200867
819,818,0.053155465
819,821,0.031259166
819,825,0.0001035
819,826,0.005044806
819,820,0.013977585
819,822,0.000157416
819,823,0.036756063
819,824,7.39E-06
820,815,0.002424823
820,821,0.025601747
820,822,0.004334025
820,825,0.063084834
820,823,1.12E-06
820,819,0.013747101
821,819,0.04745131
821,820,0.053020173
821,822,0.020706566
821,823,0.010189114
821,818,0.000804498
821,826,2.58E-05
821,825,0.002146569
822,815,0.000778707
822,820,0.011804793
822,821,0.022395043
822,823,0.042484784
822,819,0.000418707
822,825,0.000143584
823,819,0.020426742
823,821,0.00341625
823,822,0.011445667
823,820,9.00E-07
823,818,0.020346179
823,824,1.15E-05
824,818,0.093223142
824,826,0.014255358
824,819,1.35E-05
824,823,4.61E-05
825,826,0.005042163
825,806,0.020746679
825,810,9.26E-06
825,813,0.000140232
825,815,0.014603584
825,820,0.018869591
825,819,6.65E-05
826,825,0.026549045
826,806,0.004049278
826,820,0.016498825
826,818,0.02500614
826,819,0.008071308
826,821,1.89E-05
826,824,0.0070363
820,818,0.000780957
820,826,0.009921387
825,821,0.000160151
825,822,1.72E-05
815,806,0.007670508
815,810,0.00046593
806,826,0.000110699
827,806,0.043359867
827,809,0.000535613
827,832,0.000518652
827,833,0.005668601
828,829,0.006001594
828,831,0.030851852
828,835,0.033520342
828,830,0.000185905
828,834,0.004209298
829,828,0.025230078
829,830,0.053969064
829,831,0.043432393
829,835,0.04115155
830,829,0.016296188
830,831,0.008961036
830,832,0.000889296
830,833,3.05E-06
830,828,0.000137954
830,835,0.000102062
831,829,0.012151954
831,830,0.012852333
831,832,0.011219751
831,833,0.010136995
831,828,0.043973274
831,835,0.000346249
832,830,0.005767724
832,831,0.032065202
832,833,0.065724799
832,827,0.001754233
833,827,0.014665298
833,832,0.063861272
833,830,2.21E-05
833,831,0.025371173
834,836,0.015992671
834,837,0.003007147
834,835,0.027105262
834,828,0.004244312
835,828,0.042615998
835,829,0.013289616
835,834,0.043802153
835,830,0.00014337
835,831,0.000392426
836,834,0.053463545
836,837,0.068554029
837,834,0.00537946
837,836,0.035996121
381,382,0.046890948
381,384,0.008271305
381,386,0.000732297
381,387,0.072429697
381,389,0.019248083
381,383,0.00022173
381,390,0.000446651
382,381,0.072527383
382,384,0.00186801
382,386,0.007220664
382,388,0.000903326
382,389,0.070716296
382,390,0.004710496
382,387,0.014333444
383,381,5.22E-05
383,384,0.001211476
383,385,0.0017902
383,387,0.014992982
384,381,0.039323425
384,382,0.001748665
384,386,0.001875398
384,388,0.000239268
384,389,1.39E-06
384,390,0.021409847
384,387,0.017749543
384,383,0.029892512
384,385,0.027999296
385,383,0.132556852
385,384,0.055921651
385,387,0.006144717
385,381,0.000543746
386,381,0.000124287
386,382,0.002277996
386,384,6.34E-05
386,388,0.01709204
386,389,0.040118041
386,390,0.003026421
386,387,1.33E-07
387,381,0.025082841
387,383,0.032324712
387,384,0.002061651
387,385,0.000129637
387,382,0.00797361
381,385,1.45E-05
381,388,2.07E-06
388,386,0.085669343
388,390,0.027736791
388,382,0.001087376
388,384,0.000246653
388,381,2.15E-05
388,389,0.003874577
389,381,0.015075273
389,382,0.03238099
389,384,2.23E-05
389,386,0.053711162
389,388,0.00355013
389,390,0.000821271
389,387,0.005108124
390,382,0.009921841
390,384,0.027475221
390,386,0.016022207
390,381,0.003134825
390,388,0.060411809
390,389,0.001411292
387,386,2.90E-05
387,389,0.004950514
838,839,0.030046648
839,838,0.005876155
838,841,0.00203301
839,841,0.006251656
839,840,0.002510308
839,842,0.02587462
840,839,0.041686856
840,842,0.056209539
839,843,1.07E-05
841,839,0.019761502
841,842,0.037028238
841,843,0.022856819
842,840,0.013129934
842,839,0.06221463
842,841,0.027692006
841,838,0.001191368
843,841,0.022342106
843,839,1.69E-05
843,844,0.00875888
844,843,0.027980956
844,845,0.022729696
845,844,0.015754859
845,846,0.011722668
845,847,1.08E-05
845,857,0.02777384
846,845,0.005186837
846,847,0.013691716
846,857,0.019190538
846,848,0.011166846
847,845,1.46E-06
847,846,0.01087494
847,857,1.35E-06
847,848,0.014727906
847,850,0.022579289
847,849,0.005690527
848,847,0.036054441
848,849,0.02628285
848,850,0.000171219
848,846,0.018902459
849,847,0.007333263
849,848,0.012616144
849,850,0.021922665
849,851,0.023559227
850,847,0.020916709
850,849,0.016479942
850,851,0.021819917
850,852,0.007880812
850,848,0.000153322
851,849,0.016481023
851,850,0.020666279
851,852,0.019779345
851,853,0.004656409
852,854,0.002435043
852,853,0.030830764
852,855,0.001817624
852,851,0.004617545
852,850,0.0012831
853,851,0.004077335
853,852,0.05891035
854,852,0.012422351
854,853,0.002919945
854,855,0.04900326
853,854,0.002416162
853,855,0.043947561
854,856,0.013099492
855,852,0.004701903
855,854,0.04801127
855,853,0.05682919
855,856,0.012117581
853,856,0.000168747
856,854,0.02951635
856,855,0.028727015
856,853,0.000479461
857,845,0.04548241
857,846,0.067161397
857,847,0.000162979
149,150,0.020501368
149,151,0.025000108
149,255,0.021774944
149,375,0.041524081
150,149,0.004229014
150,151,0.012017264
150,255,0.005453565
150,256,0.010992614
149,250,0.000581325
150,152,0.00127154
150,153,0.018952055
150,201,7.92E-05
150,207,0.014934605
151,149,0.004605905
151,150,0.012640493
151,375,0.001458395
151,376,0.000730106
151,379,0.009336358
151,246,0.043197782
150,252,8.67E-05
152,150,0.000627655
152,153,0.022569949
152,201,0.0241497
152,207,0.001057355
153,151,0.01187085
153,243,0.00503658
153,246,0.001843725
153,244,2.71E-05
149,379,8.83E-05
149,376,0.001350706
151,153,0.028141721
149,256,9.09E-06
153,245,0.008239744
153,152,0.022259048
151,247,0.002546463
151,249,0.00017398
153,150,0.009109285
153,201,0.001023427
153,207,0.000155415
151,243,0.005416943
151,244,0.008877593
151,241,2.23E-05
151,245,1.72E-05
152,202,0.020273294
152,245,0.014856606
152,316,0.003613475
152,311,0.00015379
153,202,1.30E-06
152,243,1.00E-05
152,248,2.10E-06
153,248,9.74E-05
153,316,2.13E-06
153,311,1.73E-05
153,247,6.18E-06
154,209,0.005890722
154,210,0.019782549
154,155,0.030028593
154,331,0.010409901
155,154,0.08989964
155,209,0.006813268
155,211,0.031629435
155,210,0.01827373
154,211,0.004241844
155,331,0.012697185
156,157,0.038294535
156,203,0.027281314
156,305,0.00034205
156,323,0.006481927
157,156,0.014032081
157,203,1.60E-05
157,305,0.037040252
157,301,2.26E-07
157,323,0.001644054
157,319,5.99E-06
156,204,0.031082611
158,157,0.012481499
158,159,0.014648305
158,191,0.009604393
158,204,0.020091342
157,158,0.007059593
157,159,0.012153809
157,204,0.01204949
158,192,0.025447119
158,229,0.005313375
158,234,0.014745335
159,195,0.004110936
159,191,0.002389372
159,306,0.013790989
158,195,9.66E-06
159,158,0.002660984
159,192,2.26E-06
159,157,0.004315431
159,305,0.003940966
159,308,0.020314439
158,194,0.000277287
156,206,0.000268598
158,230,5.30E-05
157,308,0.000255296
158,305,2.53E-05
159,307,0.003187857
159,300,9.20E-06
159,303,0.000204564
159,204,6.11E-06
160,161,0.031387473
160,250,0.034759633
160,252,0.000845169
161,162,0.020444879
161,160,0.019824802
161,250,0.003833584
161,253,0.000370994
161,252,0.000184388
161,254,0.000185961
162,161,0.016154279
162,163,0.0336837
162,168,0.017449751
162,254,0.024508667
160,255,1.03E-05
160,164,0.012840793
160,375,0.019430381
160,374,0.001630937
162,160,1.61E-05
162,253,0.003272022
162,250,0.001435048
162,252,8.84E-05
160,162,5.20E-05
161,163,0.014862216
161,164,0.016546698
163,161,0.003574979
163,162,0.008357471
163,164,0.009068843
161,375,2.10E-05
164,160,0.00344229
164,161,0.008472324
164,163,0.02000432
160,253,2.27E-05
164,375,0.000459751
164,374,0.01000702
162,171,0.005841158
163,168,0.000256905
163,171,0.006015946
165,167,0.024291465
165,228,0.032238843
166,165,0.003526615
166,167,0.004853406
166,168,0.010094992
166,172,0.050393106
166,254,0.000281871
165,166,0.008344033
165,254,0.021045809
167,165,0.01622008
167,186,0.007983467
167,184,4.89E-05
167,228,4.48E-05
167,231,1.54E-05
165,186,0.002871472
165,231,0.000853774
165,168,0.002224407
167,166,0.007547069
167,169,0.053740684
167,172,0.001664481
167,254,8.84E-07
166,171,0.007308209
166,169,0.001348478
168,162,0.011105072
168,163,0.000348339
168,171,0.037814566
168,254,0.01562208
165,184,3.04E-05
167,170,1.17E-06
169,170,0.005516739
169,172,0.04350988
168,165,0.001815912
168,166,0.019040937
170,169,0.011990917
170,186,0.007943695
171,162,0.002214442
171,163,0.010449689
171,168,0.025445145
169,167,0.025214533
169,186,0.003399408
170,188,0.013273516
166,391,0.008839356
170,215,0.005553703
172,169,0.041148949
172,170,5.35E-05
170,167,1.76E-06
171,166,0.006265192
170,187,5.16E-06
170,172,0.000238186
172,166,0.034450012
172,167,0.001992246
172,391,0.023211025
169,166,0.002041631
169,391,8.21E-05
173,174,0.006117219
173,290,0.000208696
174,173,0.002954635
174,265,0.000736296
174,290,0.001144942
173,265,1.36E-06
173,335,0.001620902
173,287,0.001467754
174,288,0.000265089
174,335,1.75E-07
173,289,0.000241764
174,177,0.00567808
175,286,0.004375139
176,177,0.004480954
176,288,0.000989818
176,292,0.007095853
177,174,0.008418755
177,288,0.007541486
177,290,5.82E-06
177,176,0.006627542
177,292,2.08E-05
176,179,0.013058954
176,264,0.001705068
174,269,0.000186059
177,269,0.00390539
175,293,0.003910801
176,269,0.001721545
175,292,0.019663719
175,296,0.005561261
175,181,0.010284878
178,320,0.006456195
178,321,0.024602374
175,179,0.05995397
175,180,0.007259233
179,176,0.00241423
179,264,0.000276158
179,284,0.005029889
180,181,0.014393951
180,319,0.007972795
180,321,0.000136525
178,285,0.001522292
178,284,0.018120772
181,296,0.005230036
181,300,0.000855923
181,304,0.00526891
181,180,0.024403464
181,319,0.015854723
179,292,0.009300327
180,178,0.004719291
179,180,0.00816674
181,301,2.65E-07
181,175,0.004684069
181,179,0.000208368
179,175,0.009618084
179,181,7.35E-05
180,175,0.001563362
180,179,0.015698129
180,296,2.08E-06
178,180,0.008291997
178,319,0.004478588
180,284,0.012086753
182,183,0.030493328
182,190,0.000170865
182,189,0.018303266
182,193,0.003417852
182,196,0.0009304
183,190,0.011111797
183,369,0.017264736
182,187,0.028805703
182,184,8.81E-05
182,194,0.000407938
183,182,0.015125047
183,193,0.001042684
184,187,0.015647346
184,194,0.00474352
184,230,0.005063371
184,231,0.026846678
184,186,0.012357707
183,189,2.29E-05
183,196,4.27E-06
185,183,0.011073676
183,365,0.000212465
186,167,0.008815093
186,165,0.001866239
186,184,0.010705078
186,228,0.001048931
186,231,0.001773798
187,182,0.00765128
187,184,0.00991493
187,189,0.000172231
187,194,0.000587154
187,186,0.017930272
187,230,1.17E-06
186,169,0.011979512
186,187,0.023832214
183,185,0.021463112
182,185,0.00715327
185,188,0.015415306
183,187,0.000265188
187,183,0.00010775
187,185,0.016801871
184,228,0.000263678
188,185,0.022384029
184,182,9.14E-05
184,189,0.000166387
188,170,0.029006933
184,165,4.27E-05
185,182,0.001685624
185,187,0.017751146
184,167,7.02E-05
188,187,0.013798791
187,188,0.008537544
186,170,0.015468393
186,188,0.017459716
188,186,0.023081265
185,186,2.40E-05
186,185,3.63E-05
187,170,1.09E-05
189,182,0.036462284
189,187,0.001137533
189,192,0.028877345
189,194,0.017457483
189,196,0.029212621
190,182,0.000145051
190,183,0.025603555
190,193,0.024738808
190,189,3.16E-06
190,196,2.16E-05
190,369,0.002748754
189,193,0.003569382
189,184,0.00053183
191,158,0.005001202
191,159,0.007521992
191,195,0.028507736
191,192,0.027504521
192,189,0.008498489
192,194,0.013954246
192,196,0.011198059
192,230,0.001178005
193,182,0.002286521
193,183,0.001490504
193,190,0.016490461
193,189,0.001075307
193,196,0.03017334
192,158,0.014666187
192,191,0.026128366
192,234,0.007990903
194,182,0.001297277
194,184,0.016761525
194,187,0.00375631
194,189,0.014522936
194,192,0.043750208
194,230,0.052926947
195,159,0.031215948
195,197,0.025538307
195,306,0.054879985
195,303,7.79E-07
195,373,0.000176875
194,234,0.01653094
196,182,0.000571017
196,189,0.006217028
196,192,0.011374287
196,193,0.03476755
195,158,1.13E-05
195,191,0.060868594
193,198,0.022954366
189,183,0.000126878
189,190,1.38E-05
196,183,8.08E-06
197,195,0.017881285
197,191,0.006380472
197,196,0.003028537
197,198,0.034035669
197,193,0.025055922
197,306,0.012445818
197,373,0.041123922
194,158,0.000525186
196,190,1.18E-05
190,198,0.018705376
191,306,0.001927502
191,196,0.014793725
198,197,0.025822608
198,302,7.20E-06
198,373,0.060906763
198,365,0.001248321
196,191,0.019851477
198,190,0.01181035
198,193,0.021033485
196,195,0.001147041
196,197,0.003559819
195,196,0.001170443
195,193,0.001554691
190,365,0.038161151
197,303,0.00048664
193,197,0.01830853
191,197,0.003829378
191,193,0.000603821
190,373,0.006891791
193,373,6.63E-05
198,303,3.72E-05
192,159,2.13E-05
198,299,2.70E-05
192,229,1.89E-05
193,191,0.001036588
193,195,0.000724725
198,196,3.21E-05
196,198,3.32E-05
199,200,0.008543549
199,323,0.001377004
200,199,0.008784873
200,323,0.000981216
200,321,0.001860098
200,330,0.012114936
199,202,0.01556494
199,203,0.00201077
199,205,0.023040581
199,321,9.35E-06
200,202,0.030183166
200,203,1.19E-05
201,205,0.004066743
201,207,0.007068936
201,150,9.43E-05
201,152,0.02664022
201,153,0.000992898
201,199,0.0079262
200,327,0.003220977
200,329,0.008629176
199,201,0.011363422
202,200,0.009104165
202,213,0.007557114
202,329,0.003310797
201,202,0.023957049
202,152,0.007473975
202,201,0.008551225
202,245,0.000176732
202,316,0.017387614
199,207,6.29E-06
202,199,0.004182961
200,320,1.31E-05
202,327,4.86E-06
202,153,1.17E-06
202,315,3.97E-05
203,156,0.007346799
203,206,0.011198134
203,205,0.020238846
203,204,0.005372493
203,323,0.034091134
203,157,1.80E-05
204,156,0.017825485
204,206,0.007645898
204,229,0.021608301
203,199,0.009411647
203,200,4.97E-05
203,321,0.000238855
203,208,7.31E-06
204,203,0.008048074
205,208,0.007936859
205,206,0.003340623
205,207,0.009061307
205,203,0.011213438
205,199,0.042804286
205,201,0.009134537
206,204,0.006155113
206,203,0.015401954
206,229,0.005476406
206,233,0.010250791
204,158,0.018003139
204,157,0.020061808
204,233,1.38E-05
206,156,0.00011355
206,205,0.005437999
206,208,0.037890997
207,232,0.003015447
207,251,0.001192836
207,252,0.000546247
207,256,0.005010404
208,205,0.008108182
208,206,0.017197806
208,207,0.022998678
207,150,0.004625666
207,152,0.000815469
207,153,5.26E-05
207,201,0.004123934
207,199,6.76E-07
207,205,0.002614159
204,234,0.000190296
204,159,1.23E-05
205,323,2.32E-05
207,208,0.007108855
204,305,4.72E-06
208,233,0.02580309
207,233,2.30E-05
208,232,0.008317511
208,229,5.53E-05
208,203,1.60E-05
207,255,1.04E-05
209,210,0.003536132
209,270,0.004389138
209,282,1.70E-05
210,209,0.000807831
210,270,7.63E-05
210,282,0.002340501
209,154,0.013661271
209,280,0.00937269
210,154,0.010567335
211,212,0.026540108
211,328,0.001435255
211,325,0.001503437
209,155,0.003061391
209,211,0.00487056
209,328,0.016583704
211,324,4.82E-05
211,209,0.001486567
210,331,0.037104497
210,260,0.003178813
210,259,0.001420502
211,155,0.006196378
212,211,0.053811073
212,213,0.02392106
212,324,0.003646577
212,329,3.11E-05
212,325,0.00681916
213,212,0.024573906
213,324,0.001387812
213,329,0.006808233
213,325,3.45E-05
213,202,0.028438936
210,211,0.015544781
210,309,0.000936057
210,315,0.006532434
211,154,0.000463037
211,210,0.015147225
212,210,0.000235932
212,315,0.016127607
210,212,0.000141042
212,316,0.000568681
211,315,0.001952162
210,155,0.004112777
211,213,3.61E-06
211,331,0.000915462
213,315,0.004574109
213,316,0.020179401
213,211,1.06E-05
214,215,0.036220797
215,214,0.023552411
215,170,0.018163107
218,219,0.0114
218,216,0.000783607
217,216,0.008597825
216,219,0.021233649
216,267,0.00229806
217,267,0.015045503
218,225,0.029492899
217,266,0.000126222
219,218,0.006171026
219,216,0.00182791
216,217,0.005751706
220,223,0.005778904
216,218,0.004344651
221,218,0.010361147
221,220,0.010385164
218,221,0.017093913
219,267,0.004609861
218,222,0.006250395
220,224,0.015132965
222,224,0.013668323
222,236,0.00647953
223,220,0.038752198
222,221,0.004782007
222,237,0.000576107
224,220,0.008034836
224,222,0.014385792
224,236,0.000529987
224,221,0.02141916
222,218,0.003805527
222,225,0.014233583
222,240,0.000271378
218,226,0.000109728
220,221,0.018993732
225,222,0.004565425
225,236,6.87E-06
225,237,8.02E-05
225,240,0.018131397
226,227,0.013489959
226,219,0.013333157
226,225,0.025323256
221,222,0.003723544
219,227,0.008874346
227,219,0.009373509
227,226,0.015436185
227,273,0.026709951
227,267,0.001650307
221,224,0.012647019
226,238,0.005977398
226,273,4.13E-05
226,278,1.64E-06
219,226,0.016104082
219,225,0.009388858
227,238,0.004322295
227,278,0.005772002
221,225,3.41E-06
225,218,0.004588519
219,273,0.000626372
226,240,0.004772407
225,219,0.003323225
225,226,0.011445808
226,218,3.44E-05
225,221,5.01E-06
225,238,8.85E-06
228,167,4.44E-05
228,165,0.028496074
228,186,0.000975191
228,184,0.000166619
228,231,0.017607908
229,204,0.018697793
229,206,0.005356126
229,233,0.026738212
230,184,0.004813414
230,194,0.015750235
230,231,0.030095807
228,235,0.028606131
228,254,0.006042762
228,253,0.005472479
229,230,0.01491553
229,234,0.0161641
229,158,0.005425789
228,232,3.94E-05
228,251,0.000133153
231,184,0.018353537
231,228,0.010804604
231,235,0.031626849
230,192,0.00133636
229,231,0.000230532
231,230,0.020465663
232,207,0.006265447
232,251,0.014557059
232,252,2.57E-05
229,192,1.35E-05
229,208,4.84E-05
230,229,0.011084693
230,233,0.003543212
230,235,0.000130052
233,229,0.009969732
233,230,0.001646792
230,187,3.07E-06
230,234,0.016166193
232,208,0.005319046
232,233,0.019197565
231,165,0.000421001
230,158,2.99E-05
229,235,1.07E-05
233,231,0.004266378
233,235,0.008859799
231,186,0.001186844
234,158,0.025003236
234,194,0.015839813
234,192,0.02448459
234,229,0.037338759
234,230,0.04521128
232,228,1.08E-05
232,235,0.016099386
232,253,9.65E-05
234,204,0.000341212
231,167,1.51E-05
233,232,0.025470156
235,228,0.016969879
235,232,0.019220016
235,254,1.22E-05
235,253,0.0018314
235,251,0.002081889
233,206,0.003489057
233,204,1.00E-05
233,208,0.019719542
235,231,0.026034661
233,207,5.07E-05
235,233,0.009832121
231,229,0.000240548
231,233,0.00651018
235,230,0.00013839
235,229,1.25E-05
236,222,0.010982943
236,225,8.46E-06
236,237,0.014549145
236,240,7.37E-06
237,236,0.01703423
236,224,0.000518421
237,240,0.022759592
237,239,0.022818204
237,222,0.001936444
238,283,0.010528731
238,278,0.018823079
237,225,0.000573939
238,272,4.94E-06
238,240,0.020168089
238,226,0.011051322
239,258,0.009903153
239,257,0.012277296
238,227,0.005755995
238,273,0.000133266
240,222,0.000176472
240,237,0.00397674
240,239,0.003767047
240,238,0.003995885
240,283,0.001861865
239,237,0.016495227
239,240,0.021720095
240,225,0.009517525
240,236,5.91E-06
240,257,0.006600896
240,226,0.001858483
238,257,8.11E-06
238,225,5.01E-05
241,242,0.006713757
241,244,0.034340932
241,243,0.03546763
242,241,0.003852609
242,244,0.012923645
243,153,0.011554378
243,151,0.005454066
243,244,0.010456171
243,245,0.009496774
243,246,0.000298401
241,247,0.000103399
243,241,0.021077154
243,248,0.026766283
244,153,0.000113851
244,151,0.013423734
244,243,0.013090298
244,241,0.025366484
244,246,0.015989608
244,247,0.035530703
242,317,0.00419465
243,311,0.000494022
244,242,0.017100242
245,153,0.023176803
245,152,0.039542895
245,202,0.001698668
245,248,0.009280199
245,243,0.010298649
245,316,0.035551665
245,311,0.029168008
241,248,0.001107656
243,152,4.20E-05
246,151,0.047623343
246,247,0.031613746
246,249,0.000213661
246,379,0.000563929
241,151,4.33E-05
247,151,0.003740097
247,246,0.028561423
247,244,0.029281124
247,242,0.010459255
247,249,0.044335172
247,379,0.006336786
242,247,0.008865106
242,249,0.05103385
245,151,2.93E-05
248,153,0.000431468
248,243,0.050774221
248,245,0.014696985
248,311,0.049581585
248,152,9.02E-06
248,241,0.001426755
246,153,0.011586384
246,244,0.017590918
242,318,0.007167775
246,243,0.001267593
248,310,0.00017266
244,249,0.000793942
249,151,0.000361216
249,246,0.0003509
249,247,0.029399445
249,242,0.034350099
249,318,0.035358384
249,379,0.02683136
248,313,0.000157461
242,379,4.68E-05
247,241,8.70E-05
247,318,1.31E-05
249,244,0.000753343
249,317,0.000692014
249,378,4.04E-05
247,153,2.60E-05
250,160,0.017779639
250,161,0.003171739
250,252,0.015300579
250,255,0.027967082
251,207,0.005227157
251,232,0.038189235
251,252,0.02156547
252,207,0.001131176
252,256,0.011293645
252,251,0.012048672
253,162,0.002496004
253,161,0.000354232
253,250,0.002373027
253,252,0.011820636
253,254,0.02564814
254,165,0.011373246
254,228,0.004100243
255,149,0.007835838
255,150,0.012116579
255,256,0.013676962
254,235,1.29E-05
254,253,0.019439005
255,250,0.034714464
255,252,0.036262525
255,375,0.003558684
256,207,0.042354002
256,252,0.042828506
256,251,0.000388696
253,228,0.00549549
253,232,0.000337783
253,235,0.002762047
253,251,0.027450442
254,162,0.01226846
254,168,0.010040119
251,256,0.000178507
250,162,0.001184952
250,253,0.002718208
252,232,4.24E-05
251,228,0.00013972
251,235,0.003859527
251,253,0.025833587
254,166,0.000320135
250,254,0.000122083
253,160,1.71E-05
250,149,0.00012271
250,375,0.017862796
252,162,5.17E-05
252,161,9.96E-05
252,160,0.000265792
252,253,0.005887994
252,250,0.007165437
256,150,0.031709458
252,255,0.012263395
254,167,1.71E-06
254,161,0.000146714
256,255,0.018732085
252,150,6.86E-05
255,207,3.99E-05
254,250,8.54E-05
256,149,9.10E-06
255,160,2.92E-05
257,239,0.001945713
257,258,0.002703846
257,261,0.027819
258,257,0.009381386
258,261,0.01247238
258,239,0.006922067
259,260,0.031805464
259,257,0.003619445
259,261,0.010856347
259,283,0.003213545
259,282,0.000202732
260,282,0.028446027
259,262,0.014059599
260,259,0.03470959
260,283,0.003302593
257,240,0.00606172
257,260,5.80E-06
257,259,0.000809711
257,283,0.003856296
260,257,1.43E-05
260,261,7.15E-06
258,262,0.007932005
261,258,0.007503015
261,262,0.037606298
261,257,0.048356855
260,210,0.016256496
262,258,0.00525467
262,261,0.037781795
262,263,0.012315959
257,238,1.25E-06
257,262,2.42E-05
262,259,0.015883486
263,262,0.009357419
259,210,0.004299293
261,259,0.009366717
261,260,1.73E-05
261,283,4.77E-05
262,257,0.000116092
269,264,0.001987533
264,269,0.000382348
264,274,0.007296166
264,176,0.013046019
264,179,0.009229912
264,284,0.004854485
265,174,0.01379123
264,285,0.061737848
274,264,0.001270591
274,276,0.012538228
268,266,0.011159697
275,279,0.003500621
268,271,0.002205627
267,217,0.005230147
267,266,0.00655046
269,174,0.002976878
269,177,0.060427367
269,176,0.03981912
275,277,0.000897468
275,280,0.010568836
265,173,1.38E-05
272,271,0.00046352
266,268,0.001888513
273,267,0.00886184
273,266,0.003845402
270,275,0.001008106
270,272,0.00522406
272,270,0.004003462
266,271,0.001463365
266,273,0.005006248
271,272,0.003409648
271,278,0.018943393
275,270,0.004563343
266,217,1.04E-05
266,267,0.005403035
276,274,0.015929273
277,275,9.16E-05
277,276,0.00437979
277,279,0.009333297
271,266,0.010150892
271,268,0.003686263
274,285,0.030911587
267,216,0.001505019
267,219,0.017896648
267,273,0.012408057
276,277,0.010080232
271,273,0.008800786
273,227,0.08159991
273,278,0.015653694
273,271,0.001195025
270,280,0.007531636
278,227,0.012768447
278,273,0.010809409
278,271,0.002268522
270,282,0.0109747
279,275,0.000244556
279,280,0.007898535
270,209,0.023787592
270,210,0.001646532
279,277,0.012246003
280,209,0.02323424
280,275,0.001377145
280,270,0.003705828
272,278,0.009208431
276,281,0.00229216
280,279,0.015257525
274,281,0.002419289
274,322,0.001191866
274,320,0.002894135
272,282,0.020889727
267,227,0.007412847
281,276,0.002468064
281,274,0.002804193
282,209,2.73E-05
282,210,0.01342731
282,270,0.003250692
264,320,1.12E-06
272,283,0.015766034
278,272,0.007704227
281,322,0.019957331
282,283,0.005875041
282,272,0.004883407
283,272,0.003473882
283,282,0.006477841
283,278,0.001361143
283,257,0.012834739
283,260,0.003226048
283,259,0.002695214
283,261,3.49E-05
281,277,0.034169469
277,281,0.023023045
281,320,1.67E-05
278,238,0.038818543
273,219,0.001507419
278,226,1.07E-05
283,238,0.009308882
272,238,2.71E-05
281,279,0.011691448
281,326,0.004727162
283,240,0.008314085
281,325,0.000533409
278,283,0.004168884
282,260,0.027935379
279,281,0.005531069
279,325,0.002436517
279,328,0.003171832
280,328,0.024831847
279,326,0.001488114
280,325,3.24E-06
282,259,9.24E-05
279,322,0.000182755
273,226,0.000107901
273,238,0.000364327
281,328,2.93E-05
284,179,0.020355227
284,264,0.000892343
284,285,0.014116366
285,178,0.001103809
285,274,0.012656777
285,284,0.010389075
285,320,0.001938476
285,264,0.006107174
285,322,2.86E-05
284,178,0.019065587
284,320,5.51E-06
284,180,0.018831246
284,319,4.71E-05
284,321,2.48E-06
289,357,0.000184322
287,357,0.000141229
287,356,2.21E-05
286,290,0.001016405
286,288,0.003116625
287,289,0.000345992
291,286,0.00029672
291,290,0.000264469
291,294,0.009702219
291,287,0.003464864
291,358,0.015123433
291,356,0.000665783
287,291,0.003519809
289,173,0.000706856
289,335,0.002916568
287,290,0.002492771
286,291,0.000335197
286,294,0.006010323
289,344,0.004184462
289,287,0.003406963
286,175,0.009126347
286,292,0.017433184
287,173,0.000942128
290,174,0.003692318
290,288,0.009349861
290,287,0.0029055
290,286,0.00181223
290,291,0.000575707
290,173,0.00023691
291,357,3.68E-07
288,174,0.000451581
288,177,0.017654718
288,290,0.01009598
290,177,2.49E-06
286,293,0.00566838
288,286,0.005075017
288,292,0.038566679
286,296,2.15E-06
288,176,0.00716184
292,175,0.004601373
292,286,0.002520521
292,176,0.003146096
292,179,0.014902568
292,288,0.004690111
292,177,2.20E-05
294,295,0.004274134
294,358,0.013997451
295,294,0.008304564
295,358,0.014999679
296,293,0.02487051
296,175,0.017338929
297,293,0.004503102
297,294,0.00231928
294,291,0.006801703
294,286,0.00744539
297,295,0.003252286
297,299,0.017168044
294,297,0.007143628
295,359,0.018457943
293,297,0.016103585
293,294,0.006898742
293,175,0.013657047
293,286,0.011451797
293,296,0.020395521
296,181,0.027613021
296,300,0.028078775
295,297,0.016345439
298,293,0.000221855
298,297,0.003693831
298,296,0.000171082
298,300,0.017365655
293,298,0.006620699
296,304,0.000867263
295,299,0.008754685
294,293,0.005523491
293,300,0.000377814
296,319,4.69E-08
295,362,0.005792736
297,298,0.043859393
296,298,0.007403697
299,297,0.005961569
299,295,0.001025127
299,362,0.002078918
296,180,1.01E-05
295,302,5.16E-06
296,286,1.45E-05
297,303,0.002799166
299,302,0.016967135
295,363,2.05E-05
299,359,3.82E-05
299,303,0.006878335
299,298,0.000449808
299,373,0.017204662
300,181,0.000543216
300,296,0.00236563
300,298,0.03417697
300,304,0.008519503
301,181,7.29E-08
301,304,0.017299026
301,319,0.007099378
300,293,5.29E-05
299,363,4.07E-05
302,295,1.53E-06
302,299,0.027164724
302,362,0.011324261
302,363,0.011118063
302,359,6.24E-07
303,299,0.00384349
303,373,0.032109279
297,307,9.86E-07
304,181,0.011719312
304,296,0.000272769
304,300,0.025711561
304,319,0.01805928
303,297,0.000525755
303,298,0.008368271
301,305,0.033795824
302,366,0.006934427
302,365,0.017070381
305,156,0.000160285
305,157,0.030317897
305,301,0.028168847
305,323,0.002954027
305,319,0.001144479
298,307,0.025382861
303,307,0.024542808
304,301,0.047931556
301,323,0.000232994
298,299,0.000143069
298,303,0.003364476
304,308,0.00615018
302,373,0.01288641
301,157,3.82E-07
299,198,2.17E-05
306,159,0.034200265
306,195,0.01597235
306,197,0.00424912
306,303,0.029798618
306,373,0.004878922
300,301,0.000874129
300,308,0.016359657
300,307,0.012916206
302,198,1.51E-05
303,306,0.031320075
306,191,0.000736561
303,197,0.000147823
303,198,1.74E-05
305,159,0.010168474
305,158,1.17E-05
305,308,0.019660486
301,300,0.001840233
301,308,0.031219931
307,159,0.007020093
307,308,0.016161227
307,300,0.011561293
307,303,0.02030523
307,306,0.010426541
307,298,0.041245665
303,195,8.52E-07
308,159,0.037177321
308,157,0.000221543
308,305,0.014129653
308,304,0.001687137
308,300,0.013917382
308,301,0.020691367
308,307,0.015333928
303,159,0.000784929
305,204,4.29E-06
308,306,0.000291632
308,303,1.07E-05
300,159,2.15E-05
306,307,0.013392139
306,308,0.000739492
307,297,2.51E-06
308,298,0.000112015
303,308,4.33E-05
298,308,7.56E-05
309,210,0.002338518
309,315,0.051274922
309,331,7.15E-05
309,310,0.037839157
310,309,0.019670458
310,313,0.02977826
310,312,0.00156314
311,310,0.016384325
311,316,0.017716049
311,315,0.009717381
310,311,0.017912243
310,315,0.0074844
310,316,5.95E-06
312,313,0.016205916
312,314,0.016625775
313,310,0.030633091
313,312,0.013497166
312,310,0.001604283
314,312,0.040911945
310,248,3.44E-05
311,248,0.018911198
311,313,0.002354579
315,310,0.004410681
315,311,0.006424175
315,316,0.022003101
315,309,0.012653614
313,311,0.002054299
315,212,0.008715372
315,211,0.002205185
315,210,0.006306649
315,213,0.002320358
316,245,0.010579818
316,311,0.009805801
316,315,0.017201602
311,245,0.016681561
315,331,7.13E-06
316,152,0.002678602
316,153,1.37E-06
316,202,0.031818144
315,202,6.89E-05
313,248,3.55E-05
309,313,2.00E-05
316,213,0.009662834
311,309,4.90E-05
311,152,0.000176411
311,153,3.25E-05
311,243,0.000314192
316,310,5.54E-06
316,212,0.000294788
313,309,1.37E-05
309,311,0.000312614
317,242,0.008003044
317,249,0.00302534
317,318,0.083673068
317,379,0.002619339
317,380,0.007497051
317,378,0.001181478
318,242,0.013348435
318,249,0.039649798
318,247,5.85E-06
318,317,0.027902394
318,379,0.020273889
318,378,0.001352854
319,321,0.024701631
319,323,0.008779238
320,321,0.018853319
320,327,0.004006945
320,330,0.016506165
319,181,0.00990379
321,319,0.005142069
321,323,0.004218733
320,178,0.00607415
319,180,0.009515617
321,178,0.00390292
321,320,0.003745701
322,281,0.016279803
322,326,0.03645754
320,274,0.001639311
320,285,0.003340764
320,322,0.014612727
319,301,0.009412506
319,304,0.005503489
319,305,0.001221696
323,203,0.030457417
323,321,0.017095526
323,319,0.009730587
321,203,7.39E-05
322,274,0.001256604
322,320,0.022742066
320,281,3.44E-05
320,284,2.00E-06
322,279,0.000505292
322,325,0.001788795
323,156,0.002434664
323,157,0.00250678
323,305,0.004817948
320,326,0.002882491
321,180,5.04E-05
319,296,2.92E-08
322,285,2.65E-05
319,178,0.004609632
319,284,5.68E-05
321,284,1.67E-07
323,205,3.42E-05
320,264,7.50E-07
323,200,0.004068354
323,199,0.004045601
319,157,5.98E-06
321,330,0.004330916
323,301,0.00034752
321,200,0.001215723
321,199,6.85E-06
322,327,0.000121852
320,200,3.76E-05
324,212,0.002965994
324,213,0.001263577
324,329,0.007582315
324,325,0.028067507
325,279,0.002817623
325,281,0.000102999
325,322,0.000375939
325,326,0.005553372
325,328,0.020461742
324,327,0.002201357
324,326,0.017450209
326,320,0.002950975
326,322,0.025029696
326,327,0.020374138
326,324,0.030243564
327,200,0.005198293
327,329,0.012312897
327,330,0.027274629
325,324,0.039861645
324,211,0.000160927
326,325,0.005779939
326,281,0.002688201
326,279,0.001668655
328,211,0.005709324
328,209,0.016803295
328,325,0.017692224
328,279,0.00355461
328,280,0.015374011
328,281,2.85E-06
328,326,2.46E-06
325,211,0.008660465
325,212,0.015109056
327,324,0.002240431
329,200,0.015316638
329,202,0.021579784
329,327,0.014868157
327,320,0.00297131
327,322,3.75E-05
327,326,0.012732979
329,213,0.012215655
329,212,3.98E-05
329,324,0.008989348
329,325,6.42E-05
330,200,0.029878377
330,327,0.027542101
330,329,2.82E-05
329,326,7.98E-05
325,280,4.17E-06
330,320,0.0131645
330,321,0.018315101
326,328,9.61E-06
325,213,0.000329826
325,329,0.000491061
329,330,4.57E-05
327,202,1.60E-05
326,329,0.000672402
331,210,0.060393698
331,211,0.003781753
331,309,0.000269206
331,315,5.68E-06
331,154,0.00606391
331,155,0.00585874
337,349,0.003642211
346,340,0.000671885
346,348,0.008202608
344,289,0.003224859
349,336,0.018368208
346,335,0.001009706
342,338,0.00432203
342,351,0.02639026
338,342,0.004102678
338,340,0.002452763
336,343,0.004559439
336,354,9.67E-05
334,335,0.000396415
334,346,0.00176158
344,337,0.003431616
346,344,0.000308635
335,334,8.86E-05
335,346,0.001443705
340,338,0.001593463
335,173,0.000740922
334,348,0.000493533
340,342,7.44E-05
340,345,0.000730427
341,345,0.021711024
333,347,0.006837789
346,334,0.000493509
350,332,0.022512964
335,289,0.000219053
334,332,0.012533048
340,348,0.002467791
337,344,0.002588452
342,345,0.003616257
342,340,0.000152827
343,336,0.00393867
333,351,0.001938666
344,340,0.003070315
344,346,0.004359895
335,174,4.48E-07
340,346,0.000682243
340,344,0.000186783
349,337,0.00065976
336,349,0.006477473
338,351,3.64E-05
338,333,0.01082987
342,352,0.008791219
342,341,0.008215167
348,346,0.002549518
348,340,0.000324677
348,345,0.005153907
339,343,0.013881565
349,347,0.000429921
348,334,2.91E-05
348,332,5.83E-06
345,340,0.000331921
345,342,0.002566686
345,348,0.012903334
345,338,2.59E-06
347,339,0.002862266
347,343,0.015797349
351,342,0.010406071
351,333,0.00174524
351,338,8.89E-06
332,350,0.026926258
332,341,0.000926754
341,353,0.006550297
341,350,0.003447305
339,347,0.00077722
343,339,0.012821267
350,341,0.010634331
333,338,0.006486612
333,342,0.000640461
352,341,0.002151889
352,342,0.011098167
352,353,0.003105093
342,333,0.000922698
347,333,0.013958334
341,332,0.00035917
341,352,0.000974014
341,342,0.006276377
332,334,0.008698232
332,348,0.000151107
351,352,0.00819534
352,351,0.022209332
342,353,7.95E-07
353,352,0.003294377
353,341,0.012181335
353,342,3.31E-07
347,349,0.000385846
347,336,0.000678867
338,345,8.90E-06
336,347,0.000240714
345,341,0.013559061
343,347,0.004808036
354,336,0.001253528
355,357,0.006417655
355,354,0.001036967
354,355,0.005718084
357,287,7.38E-05
357,356,0.007506405
357,355,0.004991044
358,356,0.00776794
356,357,0.013218317
356,358,0.010494974
357,289,9.33E-06
358,291,0.009864482
356,291,0.001136876
358,359,0.001961254
358,294,0.010153379
358,295,0.005582805
357,291,5.56E-07
356,287,8.14E-05
359,295,0.010999869
359,358,0.003008908
359,362,0.005993169
359,299,0.000157459
359,363,0.034526698
360,361,0.009544322
360,368,0.002950644
360,370,0.015427479
360,372,0.000155504
361,360,0.023527352
362,295,0.007079226
362,299,0.025217411
362,302,0.065280238
362,359,0.01120593
362,363,0.073859734
363,295,9.96E-06
363,299,0.000148796
363,302,0.009714562
363,359,0.015644075
363,362,0.018977353
364,371,0.047502301
365,366,0.004360433
365,360,0.002987822
365,370,0.000361648
363,367,0.009041825
363,366,0.03369882
361,368,0.020013255
361,370,7.49E-06
359,302,2.71E-06
366,365,0.013037311
366,370,0.009035088
366,360,0.000148077
367,363,0.006654171
367,364,0.020425448
367,366,0.01969766
367,359,0.000334942
364,367,0.039552816
360,369,0.016044744
359,367,0.001402199
361,372,1.29E-05
366,302,0.001782063
366,363,0.01523524
366,362,0.000130589
368,360,0.011893573
368,361,0.026280914
368,370,0.006742022
368,372,0.028016237
366,367,0.011125881
369,183,0.012368672
369,190,0.00054339
360,365,0.019285431
370,365,0.00197658
370,366,0.020394402
370,360,0.018248542
369,365,0.020571305
363,365,0.000238266
370,368,0.002021664
370,372,0.018856843
363,364,2.29E-05
370,361,5.97E-06
370,371,0.004683519
370,367,0.019527158
360,366,0.000394574
364,363,3.78E-05
371,370,0.006042289
371,367,0.021795513
371,372,0.01285743
371,364,0.034160688
365,302,0.002513026
365,373,0.00569209
365,363,3.80E-05
367,371,0.015841774
367,370,0.018186271
372,360,0.000966163
372,361,3.92E-05
372,368,0.022617569
372,370,0.048026364
362,366,0.002532796
369,360,0.006151673
367,372,0.000343823
372,371,0.02353368
365,369,0.009921676
372,367,0.001094551
362,365,3.98E-05
373,198,0.02981782
373,302,0.004409043
373,299,0.010064393
373,365,0.010965925
365,198,0.000301481
373,190,0.002167806
365,362,1.14E-06
365,190,0.006389234
373,197,0.015150313
373,303,0.024417238
373,306,0.004969721
365,183,0.000177231
373,193,2.32E-05
373,195,9.49E-05
374,160,0.00035133
374,164,0.011140185
374,375,0.00251764
374,376,0.012323143
375,160,0.008308071
375,250,0.018543566
375,376,0.039131033
375,374,0.004947837
375,164,0.000490215
375,161,1.84E-05
374,377,0.021628142
374,378,4.49E-07
375,149,0.011805764
375,255,0.003978363
375,151,0.002825488
375,379,0.000687572
376,374,0.011110219
376,375,0.023884878
376,377,0.00613569
376,378,0.004391559
377,374,0.025219282
377,376,0.008441823
377,378,0.02230276
378,374,2.26E-06
378,377,0.015981603
378,376,0.003923849
378,379,0.035722249
376,151,0.000997862
376,149,0.00025912
376,379,0.029283762
379,151,0.005536312
379,149,1.04E-05
379,246,0.000266802
379,247,0.002680238
379,249,0.020668107
379,375,0.000384153
379,376,0.014378528
379,378,0.01469983
379,377,7.52E-05
377,379,0.000202588
378,380,0.014563389
379,318,0.013605214
377,380,4.77E-05
379,317,0.000467326
380,317,0.026944569
380,378,0.073018807
379,242,1.90E-05
378,317,0.000841229
378,318,0.002603949
380,377,0.000548802
378,249,9.54E-05
391,166,0.021356592
391,172,0.070041127
391,169,0.000837468